added_edge_correction_rel_max,added_edge_correction_rel_median,added_edge_correction_rel_p90,added_edge_fraction,added_edge_negative_lambda_fraction,added_prior_anchor,assembly_seconds,boundary_band_live,boundary_band_prior_anchor,boundary_edge_correction_rel_max,boundary_edge_correction_rel_median,boundary_edge_correction_rel_p90,boundary_edge_fraction,boundary_edge_negative_lambda_fraction,boundary_split_factor,constraint_regularization,constraint_resid_inf,constraint_resid_l2,core_edge_correction_rel_max,core_edge_correction_rel_median,core_edge_correction_rel_p90,core_edge_fraction,core_edge_negative_lambda_fraction,core_prior_anchor,correction_abs_max,correction_abs_median,correction_rel_l2,correction_rel_max,correction_rel_median,correction_rel_p90,domain,effective_weight_added_edge_median,effective_weight_added_edge_p90,effective_weight_boundary_edge_median,effective_weight_boundary_edge_p90,effective_weight_core_edge_median,effective_weight_core_edge_p90,effective_weight_median,effective_weight_original_boundary_edge_median,effective_weight_original_boundary_edge_p90,effective_weight_original_core_edge_median,effective_weight_original_core_edge_p90,effective_weight_original_edge_median,effective_weight_original_edge_p90,effective_weight_p90,family_seed,frac_err2_near_boundary_interior,frac_max_error_on_boundary,h_target,l2,l2_core_interior,l2_interior,l2_near_boundary_interior,lambda_ratio_median,linf,linf_core_interior,linf_interior,linf_near_boundary_interior,max_added_edges_on_flagged_node,max_error_dist_boundary,max_error_idx,max_error_is_boundary,max_error_local_cond,max_error_local_sigma_min,max_error_region,max_error_x,max_error_y,max_local_cond,max_local_size,mean_added_edges_per_flagged_node,median_dist_boundary,median_local_cond,median_radius,min_local_sigma_min,n_added_edges,n_boundary,n_core_interior,n_edges,n_flagged_enrichment_nodes,n_flagged_nodes_with_added_edges,n_flagged_nodes_without_added_edges,n_force_flagged_enrichment_nodes,n_interior,n_interior_eval,n_near_boundary_interior,n_original_edges,n_points,negative_lambda_fraction,operator,original_boundary_edge_correction_rel_max,original_boundary_edge_correction_rel_median,original_boundary_edge_correction_rel_p90,original_boundary_edge_fraction,original_boundary_edge_negative_lambda_fraction,original_core_edge_correction_rel_max,original_core_edge_correction_rel_median,original_core_edge_correction_rel_p90,original_core_edge_fraction,original_core_edge_negative_lambda_fraction,original_edge_correction_rel_max,original_edge_correction_rel_median,original_edge_correction_rel_p90,original_edge_fraction,original_edge_negative_lambda_fraction,original_prior_anchor,patch_const_max,patch_quad_max,patch_x2h_max,patch_x_max,patch_xy_max,patch_y2h_max,patch_y_max,prior_blend_geom,prior_blend_wls,rms,rms_core_interior,rms_interior,rms_near_boundary_interior,selected_attempt_alpha,selected_attempt_idx,selected_attempt_max_neighbors,selected_attempt_min_neighbors,solve_seconds,status,total_seconds,trial,unstable,unstable_reasons
nan,nan,nan,0.0,nan,1.0,0.1928330570081016,0.0,1.0,6.006897450662896,0.48752306887311453,1.6056077625323104,0.9081983308787432,0.24,2.0,1e-13,2.733480108929598e-12,1.4291604964039307e-11,2.732075794653673,0.03418995681878305,0.30964136597123026,0.09180166912125676,0.0374331550802139,1.0,0.29427591604502157,0.03518452600707339,0.508336197436961,6.006897450662896,0.4179910020191695,1.5379764855774387,annulus,nan,nan,7.289963275670573,28.701797899463,14.204838769250921,57.55136532389486,7.671972297533829,7.289963275670573,28.701797899463,14.204838769250921,57.55136532389486,7.671972297533829,35.3548945342408,35.3548945342408,4005,0.8473121168604487,0.0,0.16,0.12545469211825414,0.19138288855079835,0.15936488750677308,0.15513673642616949,0.7566274053841261,0.3034257107662468,0.26577619855369505,0.3034257107662468,0.3034257107662468,0,0.2894733059235016,130,False,9.013910122979738,0.2919741269182829,near_boundary_interior,0.47818723573601696,-0.42413559327689176,29.544368954592358,50,0.0,0.15577870721166992,10.807299818319795,0.06320793282237583,0.16007375276577654,0,68,5,2037,0,0,0,0,76,76,71,2037,144,0.22140402552773686,ccpfm,6.006897450662896,0.48752306887311453,1.6056077625323104,0.9081983308787432,0.24,2.732075794653673,0.03418995681878305,0.30964136597123026,0.09180166912125676,0.0374331550802139,6.006897450662896,0.4179910020191695,1.5379764855774387,1.0,0.22140402552773686,1.0,1.438849039914203e-13,2.601119319933787e-10,2.281904665224488e-10,1.9762325109695666e-10,1.4118950453223533e-10,2.0832324754138654e-10,1.8450840855166462e-10,0.35,0.65,0.10445770131455369,0.19445253452873057,0.14378544123306167,0.1395255691384158,2.35,0,68,24,0.0010115269978996366,ok,0.19384458400600124,5,False,linf_outlier
nan,nan,nan,0.0,nan,1.0,0.23010834699380212,0.0,1.0,5.8606833660841895,0.463921017833952,1.5980027406592954,0.9190922545633942,0.23349436392914655,2.0,1e-13,2.8095858972676524e-12,1.4729226731207217e-11,2.9054163670855857,0.020436455754979467,0.24776497245648016,0.08090774543660582,0.018292682926829267,1.0,0.26954997144025533,0.032895389306600874,0.5110162383798533,5.8606833660841895,0.3904775322532371,1.522665044492118,annulus,nan,nan,7.289963275673177,30.10960832447724,13.696481274699234,55.19643994459726,7.668066659452615,7.289963275673177,30.10960832447724,13.696481274699234,55.19643994459726,7.668066659452615,36.814337454559634,36.814337454559634,4009,0.967529459606765,0.0,0.16,0.1125665744749442,0.19555023432472407,0.143028201906988,0.1419250032228518,0.777662311203448,0.31495478098025154,0.19555023432472407,0.31495478098025154,0.31495478098025154,0,0.2691925150762029,111,False,10.053303958088966,0.27561248251225395,near_boundary_interior,0.45574629627929064,-0.41800236989485906,30.447911140812046,51,0.0,0.14385151809955735,10.974832770844149,0.05455942385273814,0.15348057922560598,0,68,1,2027,0,0,0,0,76,76,75,2027,144,0.2160828811050814,ccpfm,5.8606833660841895,0.463921017833952,1.5980027406592954,0.9190922545633942,0.23349436392914655,2.9054163670855857,0.020436455754979467,0.24776497245648016,0.08090774543660582,0.018292682926829267,5.8606833660841895,0.3904775322532371,1.522665044492118,1.0,0.2160828811050814,1.0,2.0605739337042905e-13,2.7044499972816993e-10,2.0804069578161943e-10,1.8836487925000256e-10,1.7331203139292484e-10,7.221068187845958e-11,9.748823970312515e-11,0.35,0.65,0.09696175594598332,0.19555023432472407,0.13346731438635642,0.13244309120413642,2.35,0,68,24,0.0009114480053540319,ok,0.23101979499915615,9,False,linf_outlier
,,,,,,0.26840069399622735,,,,,,,,2.0,,0.0,0.0,,,,,,,,,0.0,,,,annulus,,,,,,,,,,,,,,,4001,0.5066824872820909,0.0,0.1,0.09275571783908923,0.10750689013692692,0.10639586429188636,0.10534658388368205,1.0,0.44302999711606184,0.44302999711606184,0.44302999711606184,0.3494163092120546,,0.2932620036632614,285,False,104.61934230882221,0.023119919853831022,interior_core,0.5210337140727879,-0.37569984009441865,203.97748635839372,23,,0.1745976380154976,109.6639896346488,0.04134677340172829,0.013050075850006889,,107,76,0,,,,,194,194,118,,301,0.0,wls,,,,,,,,,,,,,,,,,6.750155989720952e-14,2.5757174171303632e-14,2.3092638912203256e-14,4.3520742565306136e-14,3.275157922644212e-14,2.4424906541753444e-14,5.3734794391857577e-14,,,0.0889372154227979,0.10931601607390884,0.11078116057492522,0.11171463988757724,,,,,0.0014782759972149506,ok,0.2698789699934423,1,False,linf_outlier
,,,,,,0.06051961600314826,,,,,,,,2.0,,0.0,0.0,,,,,,,,,0.0,,,,annulus,,,,,,,,,,,,,,,4009,1.0,0.0,0.2,0.8127788744300547,nan,1.1254359392767639,1.1254359392767639,1.0,3.8102446331537925,nan,3.8102446331537925,3.8102446331537925,,0.10999999999999999,57,False,39.08275529519558,0.07221967349553281,near_boundary_interior,0.5231288745403727,0.7200251249936511,46.22548206262218,23,,0.11000000000000004,34.270348105835126,0.05720000000000003,0.055648122212404366,,54,0,0,,,,,47,47,47,,101,0.0,wls,,,,,,,,,,,,,,,,,1.9262369477246466e-14,9.325873406851315e-15,4.440892098500626e-15,1.0658141036401503e-14,1.0658141036401503e-14,6.217248937900877e-15,1.1962653090336062e-14,,,0.8121679587213225,nan,1.1905773327803684,1.1905773327803684,,,,,0.0003319689858471975,ok,0.060851584988995455,9,False,l2_outlier
nan,nan,nan,0.0,nan,1.0,0.17334992399264593,0.0,1.0,3.1192661102740438,0.700345186588042,1.9004126590025183,0.6594307766521948,0.36137527432333577,2.0,1e-13,2.0742574324827956e-12,1.5064728765909015e-11,2.496077660975242,0.2730926323386186,1.5692077063491463,0.3405692233478051,0.2535410764872521,1.0,0.31218001567578746,0.04792283776475524,0.5596875001082152,3.1192661102740438,0.5471077146564108,1.7495455012122143,circle,nan,nan,6.4278198621633695,28.701797899462697,10.083085538235672,46.28678359067705,7.740411656049844,6.4278198621633695,28.701797899462697,10.083085538235672,46.28678359067705,7.740411656049844,36.67516202285604,36.67516202285604,1004,0.21334746493927656,0.0,0.16,0.17769207636555767,0.23295385697697982,0.20356386866348514,0.14879383164604912,0.6866954153564098,0.4079905569383655,0.4079905569383655,0.4079905569383655,0.37281909190856,0,0.4481236583470001,85,False,8.54197735164306,0.29839332009319275,interior_core,0.4900060971108685,0.2546266770363545,24.846840961529484,45,0.0,0.30751660338820275,9.937805247138538,0.06530214031049061,0.17274048355888746,0,50,45,2073,0,0,0,0,92,92,47,2073,142,0.3246502653159672,ccpfm,3.1192661102740438,0.700345186588042,1.9004126590025183,0.6594307766521948,0.36137527432333577,2.496077660975242,0.2730926323386186,1.5692077063491463,0.3405692233478051,0.2535410764872521,3.1192661102740438,0.5471077146564108,1.7495455012122143,1.0,0.3246502653159672,1.0,1.4654943925052066e-13,1.2091838641481445e-10,7.550382541410272e-11,9.406297962755161e-11,8.056222355889986e-11,1.0944667394596763e-10,7.86997134127887e-11,0.35,0.65,0.15161538060382293,0.2343962111617267,0.18836209799044132,0.1297964433295788,2.35,0,68,24,0.0009339500102214515,ok,0.17428387400286738,4,False,l2_outlier
,,,,,,0.11725244799163193,,,,,,,,2.0,,0.0,0.0,,,,,,,,,0.0,,,,ellipse,,,,,,,,,,,,,,,2001,0.9359311383455361,0.0,0.16,1.3005870088280818,0.5524284535474793,1.53832019572597,2.097981928245358,1.0,10.74838177736791,1.339354877075409,10.74838177736791,10.74838177736791,,0.08800000000000001,60,False,64.16689171689548,0.044971472725145525,near_boundary_interior,-0.9818377232591295,-0.5220523778179051,81.87035320348862,23,,0.2769576910243007,45.313427661270794,0.06575695391227754,0.0322473810952602,,48,27,0,,,,,72,72,45,,120,0.0,wls,,,,,,,,,,,,,,,,,2.2648549702353193e-14,8.881784197001252e-15,9.103828801926284e-15,1.1324274851176597e-14,8.645861804268407e-15,6.8833827526759706e-15,1.3378187446733136e-14,,,1.7710199310580628,0.55982205741548,2.286376899596428,2.859368895688652,,,,,0.000474596003186889,ok,0.11772704399481881,1,True,linf_large
,,,,,,0.12189476199273486,,,,,,,,2.0,,0.0,0.0,,,,,,,,,0.0,,,,ellipse,,,,,,,,,,,,,,,2006,0.9765120810888412,0.0,0.16,6.650483401778437,1.6520505793593068,7.870150721878397,11.381104039934748,1.0,65.86811259455033,6.064783332452594,65.86811259455033,65.86811259455033,,0.08800000000000004,48,False,62.15709521757294,0.047855727991563714,near_boundary_interior,0.9818377232591271,0.5220523778179099,77.88829849569612,23,,0.26947653909483393,42.587589038236445,0.06574626142937477,0.03259824429677034,,48,28,0,,,,,71,71,43,,119,0.0,wls,,,,,,,,,,,,,,,,,3.352873534367973e-14,1.176836406102666e-14,7.771561172376096e-15,2.4313884239290928e-14,1.0769163338864018e-14,8.881784197001252e-15,2.398081733190338e-14,,,9.547728272296148,1.6968223513584533,12.360736739193372,15.824118281511772,,,,,0.00046054599806666374,ok,0.12235530799080152,6,True,linf_large;l2_outlier;linf_outlier
,,,,,,0.0887210770015372,,,,,,,,2.0,,0.0,0.0,,,,,,,,,0.0,,,,ellipse,,,,,,,,,,,,,,,2007,0.9574834168802182,0.0,0.16,1.4122214503789343,0.47472615775215093,1.6657437876724244,2.3611678564202996,1.0,13.4886524266307,1.530697384875231,13.4886524266307,13.4886524266307,,0.08800000000000004,48,False,72.95826826849513,0.03962621842098331,near_boundary_interior,0.9818377232591271,0.5220523778179099,76.7937865041999,23,,0.2542698420562843,44.78103974926821,0.06576764639518032,0.03392001061518791,,48,29,0,,,,,73,73,44,,121,0.0,wls,,,,,,,,,,,,,,,,,2.842170943040401e-14,9.769962616701378e-15,9.658940314238862e-15,1.709743457922741e-14,1.678865380050354e-14,8.881784197001252e-15,1.9539925233402755e-14,,,1.9279047819103723,0.4945227074284778,2.4820860609566546,3.1717603732891027,,,,,0.000449468003353104,ok,0.0891705450048903,7,True,linf_large
,,,,,,0.07356708100996912,,,,,,,,2.0,,0.0,0.0,,,,,,,,,0.0,,,,ellipse,,,,,,,,,,,,,,,2000,0.9717544116768759,0.0,0.2,4.553119569520184,1.506421457162107,5.655302154446407,7.1856213128390625,1.0,34.058216052828165,2.3833833025659317,34.058216052828165,34.058216052828165,,0.11000000000000004,38,False,40.40063511879841,0.07245988389447305,near_boundary_interior,0.9624128762162308,0.5117240034366201,47.50852044105791,23,,0.2868307829991377,29.581886643378358,0.08279826313992898,0.05621434861305516,,38,12,0,,,,,45,45,33,,83,0.0,wls,,,,,,,,,,,,,,,,,1.6431300764452317e-14,5.773159728050814e-15,7.549516567451064e-15,1.429412144204889e-14,1.083855227790309e-14,2.886579864025407e-15,9.381384558082573e-15,,,6.163734970519122,1.5530023925512118,8.370988510994955,9.730245554423046,,,,,0.0003804439911618829,ok,0.073947525001131,0,True,linf_large
,,,,,,0.08236217699595727,,,,,,,,2.0,,0.0,0.0,,,,,,,,,0.0,,,,ellipse,,,,,,,,,,,,,,,2001,0.9710080444599075,0.0,0.2,11.470790209540384,3.688345248054794,14.377216649410622,18.940581598591926,1.0,98.98378162215515,9.357413085819704,98.98378162215515,98.98378162215515,,0.11000000000000004,38,False,36.50401822475459,0.08190727307383337,near_boundary_interior,0.9624128762162308,0.5117240034366201,47.68426659295386,23,,0.2960080502124649,29.735565137757437,0.08279826313992898,0.056229900937867866,,38,14,0,,,,,45,45,31,,83,0.0,wls,,,,,,,,,,,,,,,,,1.9539925233402755e-14,9.769962616701378e-15,1.0436096431476471e-14,2.398081733190338e-14,1.1879386363489175e-14,2.886579864025407e-15,7.993605777301127e-15,,,15.731080836247717,3.936849485294751,21.36443204901002,25.604164278728984,,,,,0.0003424699971219525,ok,0.08270464699307922,1,True,linf_large
,,,,,,0.07308538199868053,,,,,,,,2.0,,0.0,0.0,,,,,,,,,0.0,,,,ellipse,,,,,,,,,,,,,,,2002,0.9654374850173119,0.0,0.2,7.662665498193608,3.017878091098508,9.530106121029377,11.567198735044789,1.0,55.63761722866395,7.433181622246372,55.63761722866395,55.63761722866395,,0.11000000000000004,38,False,37.14595172337216,0.0800292173038714,near_boundary_interior,0.9624128762162308,0.5117240034366201,47.775254542673316,23,,0.29325795917656855,29.075700903480353,0.08279826313992898,0.05454546034636041,,38,11,0,,,,,45,45,34,,83,0.0,wls,,,,,,,,,,,,,,,,,1.5654144647214707e-14,7.993605777301127e-15,6.8833827526759706e-15,1.4876988529977098e-14,6.356026815979021e-15,4.884981308350689e-15,9.547918011776346e-15,,,10.422020982643604,2.9556727103359526,14.15418059412607,16.196623885881646,,,,,0.00025825299962889403,ok,0.07334363499830943,2,True,linf_large
,,,,,,0.06458959600422531,,,,,,,,2.0,,0.0,0.0,,,,,,,,,0.0,,,,ellipse,,,,,,,,,,,,,,,2003,0.9155761561732486,0.0,0.2,3.60753569037291,2.1276290815506913,4.485081626733621,5.429157173523598,1.0,25.40366169484087,4.545472594122707,25.40366169484087,25.40366169484087,,0.11000000000000004,38,False,38.863627296320146,0.07530259445906398,near_boundary_interior,0.9624128762162308,0.5117240034366201,48.05858494427085,23,,0.277297472107502,30.92955228337849,0.08279826313992898,0.0556445239787273,,38,13,0,,,,,46,46,33,,84,0.0,wls,,,,,,,,,,,,,,,,,1.84297022087776e-14,1.1546319456101628e-14,5.773159728050814e-15,2.0039525594484076e-14,1.6459056340067946e-14,7.993605777301127e-15,1.1185496973098452e-14,,,4.692424786588263,2.155935601427647,6.341004295258146,7.363214617490895,,,,,0.0003979159955633804,ok,0.0649875119997887,3,True,linf_large
,,,,,,0.08528893900802359,,,,,,,,2.0,,0.0,0.0,,,,,,,,,0.0,,,,ellipse,,,,,,,,,,,,,,,2004,0.9450548137779207,0.0,0.2,2.711453499541742,1.3864268418156156,3.3730120611408814,3.991755324368908,1.0,15.199485478098628,2.2665540534479685,15.199485478098628,15.199485478098628,,0.11000000000000004,38,False,39.48357466575141,0.07216639201983333,near_boundary_interior,0.9624128762162308,0.5117240034366201,48.11842194297686,23,,0.28023996008164187,30.3451018237063,0.08279826313992898,0.053718874192023466,,38,11,0,,,,,46,46,35,,84,0.0,wls,,,,,,,,,,,,,,,,,1.6431300764452317e-14,6.217248937900877e-15,5.440092820663267e-15,1.021405182655144e-14,5.162537064506978e-15,2.6645352591003757e-15,6.050715484207103e-15,,,3.569363167338447,1.4164720822655774,4.823379852591184,5.472318293143049,,,,,0.0004620449908543378,ok,0.08575098399887793,4,True,linf_large
,,,,,,0.09632535799755715,,,,,,,,2.0,,0.0,0.0,,,,,,,,,0.0,,,,ellipse,,,,,,,,,,,,,,,2005,0.9233461886712793,0.0,0.2,2.533291709141334,1.3590251010690615,3.142623602170056,3.9310344050442305,1.0,15.790428633730935,2.566615475135479,15.790428633730935,15.790428633730935,,0.11000000000000004,38,False,40.8710429442279,0.06822868174140236,near_boundary_interior,0.9624128762162308,0.5117240034366201,50.84469471911543,23,,0.307824970998139,30.07007265410457,0.08286972514368396,0.0496449336966402,,38,15,0,,,,,48,48,33,,86,0.0,wls,,,,,,,,,,,,,,,,,1.3766765505351941e-14,1.1102230246251565e-14,7.105427357601002e-15,1.532107773982716e-14,1.2823075934420558e-14,3.774758283725532e-15,8.715250743307479e-15,,,3.1883477366376964,1.3456313433932714,4.267703985839835,5.066459570821348,,,,,0.0004253739898558706,ok,0.09675073198741302,5,True,linf_large
,,,,,,0.0693085310049355,,,,,,,,2.0,,0.0,0.0,,,,,,,,,0.0,,,,ellipse,,,,,,,,,,,,,,,2006,0.9032181622358082,0.0,0.2,3.124173480478945,1.8894574187262223,3.8769482741091,4.786659647491506,1.0,22.70235798015376,3.2536867893654016,22.70235798015376,22.70235798015376,,0.11000000000000004,38,False,41.33021123132832,0.06926857962436937,near_boundary_interior,0.9624128762162308,0.5117240034366201,52.529949210578394,23,,0.2919270132743945,30.474884926906228,0.08286972514368396,0.049644381946933595,,38,14,0,,,,,48,48,34,,86,0.0,wls,,,,,,,,,,,,,,,,,1.865174681370263e-14,9.325873406851315e-15,7.993605777301127e-15,1.532107773982716e-14,9.936496070395151e-15,1.2434497875801753e-14,1.0658141036401503e-14,,,4.014939089811271,1.9268673765562319,5.374122577533261,6.26455443358344,,,,,0.0004038259939989075,ok,0.06971235699893441,6,True,linf_large
,,,,,,0.059723139987909235,,,,,,,,2.0,,0.0,0.0,,,,,,,,,0.0,,,,ellipse,,,,,,,,,,,,,,,2007,0.9280322892477906,0.0,0.2,30.11637574594149,16.412438267000322,37.40585032945698,45.53799125988228,1.0,238.84951111668607,32.991716023922805,238.84951111668607,238.84951111668607,,0.11000000000000004,38,False,36.35323430307491,0.0818694746297577,near_boundary_interior,0.9624128762162308,0.5117240034366201,49.82584823680601,23,,0.30892532837660946,30.249710000505182,0.08279826313992898,0.05263497241803175,,38,13,0,,,,,47,47,34,,85,0.0,wls,,,,,,,,,,,,,,,,,2.042810365310288e-14,9.325873406851315e-15,8.881784197001252e-15,9.71445146547012e-15,7.993605777301127e-15,3.9968028886505635e-15,8.18789480661053e-15,,,39.84959540057416,16.527775244611064,53.59008553016013,62.17338089997417,,,,,0.00040933700802270323,ok,0.06013247699593194,7,True,linf_large;l2_outlier;linf_outlier
,,,,,,0.06606667100277264,,,,,,,,2.0,,0.0,0.0,,,,,,,,,0.0,,,,ellipse,,,,,,,,,,,,,,,2008,0.9767776618776298,0.0,0.2,49.63134268056573,16.016321576260804,61.670754379429276,75.2705384994107,1.0,419.9056515255488,42.70865059100123,419.9056515255488,419.9056515255488,,0.11000000000000004,38,False,38.08783096910484,0.07875036242802354,near_boundary_interior,0.9624128762162308,0.5117240034366201,50.10049675297819,23,,0.29995510170500117,29.916533472094127,0.08279826313992898,0.051079397646829276,,38,12,0,,,,,46,46,34,,84,0.0,wls,,,,,,,,,,,,,,,,,2.0872192862952943e-14,9.325873406851315e-15,6.217248937900877e-15,1.8207657603852567e-14,6.966649479522857e-15,3.6637359812630166e-15,9.992007221626409e-15,,,67.92691593520556,16.301536406000512,91.79153322603302,106.32810696432813,,,,,0.0004433150024851784,ok,0.06650998600525782,8,True,linf_large;l2_outlier;linf_outlier
,,,,,,0.07533418100501876,,,,,,,,2.0,,0.0,0.0,,,,,,,,,0.0,,,,ellipse,,,,,,,,,,,,,,,2009,0.9694527029596102,0.0,0.2,3.306461476672543,1.2302869688707392,4.136240201880334,5.033166133013118,1.0,22.36674410505865,1.83002205457366,22.36674410505865,22.36674410505865,,0.11000000000000004,38,False,41.32508689929373,0.06773781734383856,near_boundary_interior,0.9624128762162308,0.5117240034366201,53.028223845933724,23,,0.3044350878392095,29.738519568604744,0.08279826313992898,0.05044456962266015,,38,11,0,,,,,46,46,35,,84,0.0,wls,,,,,,,,,,,,,,,,,1.199040866595169e-14,5.329070518200751e-15,3.885780586188048e-15,1.021405182655144e-14,4.65599780952175e-15,5.995204332975845e-15,7.549516567451064e-15,,,4.337601398745762,1.2300422289582609,5.861521569653671,6.684307790627397,,,,,0.00031209598819259554,ok,0.07564627699321136,9,True,linf_large
nan,nan,nan,0.0,nan,1.0,0.3604097679926781,0.0,1.0,6.634211750738825,0.5682728289123653,2.0595903664623023,0.7285879629629629,0.3204924543288324,2.0,1e-13,1.0657228571853139e-11,5.157093759014608e-11,2.565912119365304,0.2896577720216599,1.5367424730431423,0.27141203703703703,0.2462686567164179,1.0,0.2762230711539394,0.04290014118017012,0.5523700430876437,6.634211750738825,0.4877290036111723,1.8715193848049028,star,nan,nan,18.07626264360507,82.23823923010302,26.0727331743465,116.40968082791248,19.927893320450213,18.07626264360507,82.23823923010302,26.0727331743465,116.40968082791248,19.927893320450213,94.19918284865413,94.19918284865413,3008,0.516498595668466,0.0,0.1,0.04648059270501643,0.052433366588627676,0.053818559362055415,0.0552199937252765,0.7658461795847253,0.15756602488389498,0.11962016100637907,0.15756602488389498,0.15756602488389498,0,0.05500000000000003,118,False,16.075338628308526,0.2682368735253771,near_boundary_interior,-0.6196603863066787,0.18169060603766468,33.69818821310977,54,0.0,0.1621905684019837,9.657756193978889,0.03726084492074218,0.15101194888298583,0,95,57,3456,0,0,0,0,145,145,88,3456,240,0.3003472222222222,ccpfm,6.634211750738825,0.5682728289123653,2.0595903664623023,0.7285879629629629,0.3204924543288324,2.565912119365304,0.2896577720216599,1.5367424730431423,0.27141203703703703,0.2462686567164179,6.634211750738825,0.4877290036111723,1.8715193848049028,1.0,0.3003472222222222,1.0,3.632649736573512e-13,1.1260739007923348e-09,9.914917775688536e-10,9.838556636054818e-10,6.917975081677241e-10,5.828026949927789e-10,7.114477895697746e-10,0.35,0.65,0.044590969969083884,0.05282509266649394,0.057367845413316604,0.060127435785129475,2.35,0,68,24,0.0011946580052608624,ok,0.36160442599793896,8,False,l2_outlier
nan,nan,nan,0.0,nan,1.0,0.4010403479915112,0.0,1.0,6.28852264811203,0.5983002704867235,2.054605140019989,0.7328866880279639,0.3199523052464229,2.0,1e-13,1.0048833293252457e-11,4.8968086206954896e-11,2.7417214662386247,0.2859530162460062,1.5413546090974801,0.26711331197203614,0.24972737186477645,1.0,0.28216830918802244,0.043559778839808015,0.5530868356108123,6.28852264811203,0.5074151557953056,1.8835270722531268,star,nan,nan,18.114347472369772,80.96891152789752,25.8825077869406,113.01247383875746,20.005930878417058,18.114347472369772,80.96891152789752,25.8825077869406,113.01247383875746,20.005930878417058,93.03731454190726,93.03731454190726,3009,0.5668092516396294,0.0,0.1,0.045775345320209916,0.04919122896394904,0.05327335349096392,0.05718432855807627,0.7625198918393629,0.17210888043334788,0.13415030769151892,0.17210888043334788,0.17210888043334788,0,0.05500000000000003,121,False,16.238044416384437,0.2609426002995893,near_boundary_interior,-0.6196603863066784,-0.1816906060376642,35.41715480391144,53,0.0,0.16448919376671303,9.847377593850915,0.03726084492074218,0.15010293899181681,0,95,57,3433,0,0,0,0,145,145,88,3433,240,0.3011942907078357,ccpfm,6.28852264811203,0.5983002704867235,2.054605140019989,0.7328866880279639,0.3199523052464229,2.7417214662386247,0.2859530162460062,1.5413546090974801,0.26711331197203614,0.24972737186477645,6.28852264811203,0.5074151557953056,1.8835270722531268,1.0,0.3011942907078357,1.0,5.080380560684716e-13,1.0034781894319167e-09,9.972818126868788e-10,1.0713234743775502e-09,7.009526570289637e-10,6.805533914189255e-10,5.85711035228087e-10,0.35,0.65,0.044507569288204006,0.04972132197209954,0.057260547514854224,0.06165388469322804,2.35,0,68,24,0.0011497060040710494,ok,0.4021900539955823,9,False,l2_outlier
nan,nan,nan,0.0,nan,1.0,0.2485878449951997,0.0,1.0,4.892771809282765,0.5314484801026796,1.989431201205338,0.7952877558903051,0.305973773676542,2.0,1e-13,1.272677102592823e-11,4.1665180744569587e-11,2.2804300349470097,0.28406054538186243,1.4788403572789783,0.20471224410969485,0.2320754716981132,1.0,0.26024138958395665,0.040576230551034265,0.5292716485974336,4.892771809282765,0.4934304287095329,1.8055663524870107,star,nan,nan,12.797340278268132,60.115409157852625,19.333157389189033,80.36776022543161,13.993196716713054,12.797340278268132,60.115409157852625,19.333157389189033,80.36776022543161,13.993196716713054,67.39312011122011,67.39312011122011,3003,0.5852300202180938,0.0,0.12,0.06193052191561045,0.07931411847946644,0.0742017807426057,0.07112396928208606,0.7653098261604723,0.19351558074881758,0.19351558074881758,0.19351558074881758,0.1812930057491024,0,0.27031634774301144,166,False,8.48919824798207,0.2962266741722165,interior_core,-0.3880917218206826,-0.24667745301514368,33.04451932033703,53,0.0,0.17854767204574729,9.849655230467253,0.043890827050048924,0.15410011543984373,0,80,28,2589,0,0,0,0,102,102,74,2589,182,0.2908458864426419,ccpfm,4.892771809282765,0.5314484801026796,1.989431201205338,0.7952877558903051,0.305973773676542,2.2804300349470097,0.28406054538186243,1.4788403572789783,0.20471224410969485,0.2320754716981132,4.892771809282765,0.4934304287095329,1.8055663524870107,1.0,0.2908458864426419,1.0,3.232969447708456e-13,1.6975998384793911e-09,1.725734888324837e-09,1.1188538984185925e-09,8.918756289055807e-10,1.1937220101287949e-09,8.70775451744521e-10,0.35,0.65,0.05915038267723934,0.07861560866429629,0.07901202032510697,0.07916149626936986,2.35,0,68,24,0.0009158500033663586,ok,0.24950369499856606,3,False,l2_outlier
,,,,,,0.27029901900095865,,,,,,,,2.0,,0.0,0.0,,,,,,,,,0.0,,,,star,,,,,,,,,,,,,,,3001,0.9949043582269509,0.0,0.08,0.9166952267603735,0.09451739223062817,1.0301005109805013,1.6353438168025098,1.0,16.552972565731903,0.49961741738571885,16.552972565731903,16.552972565731903,,0.04400000000000007,144,False,260.2403895058247,0.011427967446391055,near_boundary_interior,-0.7565095719141108,0.5803991501298414,328.05396548781806,23,,0.15242049129334798,173.139133321246,0.029826002731608615,0.0075508774582295855,,119,110,0,,,,,227,227,117,,346,0.0,wls,,,,,,,,,,,,,,,,,1.006972283335017e-13,3.9968028886505635e-14,3.197442310920451e-14,7.904787935331115e-14,4.8405723873656825e-14,2.4646951146678475e-14,6.483702463810914e-14,,,1.3295383990616503,0.0952074621716945,1.6414437540558546,2.2845028709636743,,,,,0.0017552119970787317,ok,0.2720542309980374,1,True,linf_large;l2_outlier;linf_outlier
,,,,,,0.1504530729871476,,,,,,,,2.0,,0.0,0.0,,,,,,,,,0.0,,,,star,,,,,,,,,,,,,,,3009,0.99487419055221,0.0,0.1,0.8095166600292516,0.0946288313974639,0.9421156057892741,1.3397902252459752,1.0,11.419962862103656,0.27229180286648313,11.419962862103656,11.419962862103656,,0.05499999999999997,124,False,169.6521361185044,0.017014456416603003,near_boundary_interior,-0.7831409257838239,-0.5107232906777002,219.40544980440387,23,,0.16448919376671303,114.87104632810954,0.03726084492074218,0.012562973607812474,,95,57,0,,,,,145,145,88,,240,0.0,wls,,,,,,,,,,,,,,,,,8.881784197001252e-14,2.708944180085382e-14,3.064215547965432e-14,7.815970093361102e-14,3.5638159090467525e-14,1.7763568394002505e-14,5.5788706987414116e-14,,,1.140143006637465,0.09548993982501353,1.4668339307084126,1.881315163201218,,,,,0.0013449050020426512,ok,0.15179797798919026,9,True,linf_large;l2_outlier;linf_outlier
,,,,,,0.12307575601153076,,,,,,,,2.0,,0.0,0.0,,,,,,,,,0.0,,,,star,,,,,,,,,,,,,,,3001,0.9870765607502967,0.0,0.12,7.804133920637344,1.7196528388916974,9.343741711694603,11.804289601207664,1.0,103.58609487831382,4.32100927414959,103.58609487831382,103.58609487831382,,0.06600000000000006,80,False,86.15162436313457,0.03619410792552305,near_boundary_interior,0.9339999999999999,-8.095834594526952e-16,145.87507849262516,23,,0.1778730190655341,88.44096361900924,0.04389082705004873,0.017954636036386896,,80,27,0,,,,,100,100,73,,180,0.0,wls,,,,,,,,,,,,,,,,,5.728750807065808e-14,1.7763568394002505e-14,1.176836406102666e-14,3.1530333899354446e-14,1.6542323066914832e-14,1.4432899320127035e-14,2.942091015256665e-14,,,10.631723877585888,1.7484056835032282,14.263954384973818,16.660799107584687,,,,,0.0005910990003030747,ok,0.12366685501183383,1,True,linf_large;l2_outlier;linf_outlier
