domain,frac_max_error_on_boundary,global_order_l2_core_interior_median,global_order_l2_median,global_order_l2_near_boundary_interior_median,global_order_l2_trimmed,global_order_linf_core_interior_median,global_order_linf_median,global_order_linf_near_boundary_interior_median,global_order_linf_trimmed,h_target,mean_added_edge_correction_rel_max,mean_added_edge_correction_rel_median,mean_added_edge_correction_rel_p90,mean_added_edge_fraction,mean_added_edge_negative_lambda_fraction,mean_boundary_edge_correction_rel_max,mean_boundary_edge_correction_rel_median,mean_boundary_edge_correction_rel_p90,mean_boundary_edge_negative_lambda_fraction,mean_constraint_resid_inf,mean_constraint_resid_l2,mean_core_edge_correction_rel_max,mean_core_edge_correction_rel_median,mean_core_edge_correction_rel_p90,mean_core_edge_negative_lambda_fraction,mean_correction_abs_max,mean_correction_abs_median,mean_correction_rel_l2,mean_correction_rel_max,mean_correction_rel_median,mean_correction_rel_p90,mean_frac_err2_near_boundary_interior,mean_l2,mean_l2_core_interior,mean_l2_interior,mean_l2_near_boundary_interior,mean_lambda_ratio_median,mean_linf,mean_linf_core_interior,mean_linf_interior,mean_linf_near_boundary_interior,mean_max_local_cond,mean_min_local_sigma_min,mean_n_added_edges,mean_n_core_interior,mean_n_flagged_enrichment_nodes,mean_n_near_boundary_interior,mean_n_original_edges,mean_negative_lambda_fraction,mean_original_edge_correction_rel_max,mean_original_edge_correction_rel_median,mean_original_edge_correction_rel_p90,mean_original_edge_fraction,mean_original_edge_negative_lambda_fraction,mean_patch_const_max,mean_patch_quad_max,mean_patch_x2h_max,mean_patch_x_max,mean_patch_xy_max,mean_patch_y2h_max,mean_patch_y_max,mean_rms_core_interior,mean_rms_interior,mean_rms_near_boundary_interior,median_added_edge_correction_rel_max,median_added_edge_correction_rel_median,median_added_edge_correction_rel_p90,median_added_edge_fraction,median_added_edge_negative_lambda_fraction,median_boundary_edge_correction_rel_max,median_boundary_edge_correction_rel_median,median_boundary_edge_correction_rel_p90,median_boundary_edge_negative_lambda_fraction,median_constraint_resid_inf,median_constraint_resid_l2,median_core_edge_correction_rel_max,median_core_edge_correction_rel_median,median_core_edge_correction_rel_p90,median_core_edge_negative_lambda_fraction,median_correction_abs_max,median_correction_abs_median,median_correction_rel_l2,median_correction_rel_max,median_correction_rel_median,median_correction_rel_p90,median_frac_err2_near_boundary_interior,median_l2,median_l2_core_interior,median_l2_interior,median_l2_near_boundary_interior,median_lambda_ratio_median,median_linf,median_linf_core_interior,median_linf_interior,median_linf_near_boundary_interior,median_max_local_cond,median_min_local_sigma_min,median_n_added_edges,median_n_core_interior,median_n_flagged_enrichment_nodes,median_n_near_boundary_interior,median_n_original_edges,median_negative_lambda_fraction,median_original_edge_correction_rel_max,median_original_edge_correction_rel_median,median_original_edge_correction_rel_p90,median_original_edge_fraction,median_original_edge_negative_lambda_fraction,median_patch_const_max,median_patch_quad_max,median_patch_x2h_max,median_patch_x_max,median_patch_xy_max,median_patch_y2h_max,median_patch_y_max,median_rms,median_rms_core_interior,median_rms_interior,median_rms_near_boundary_interior,n_trials,n_unstable,operator,outlier_fraction,std_l2,std_linf,trimmed_l2,trimmed_linf
annulus,0.0,2.49930051831588,1.8236611424977294,2.369594851155783,1.842386684626349,1.4015438746056925,1.602171043706266,1.984155890931909,1.6266423799680134,0.08,nan,nan,nan,0.0,nan,4.015829220118456,0.6163510318741313,2.082086675641673,0.3666047921446639,1.4996848186031585e-11,1.2039713465811656e-10,2.5856833334384093,0.3418541187101661,1.553582286696395,0.2597651302096434,0.29830014491063117,0.050638938106484475,0.5690619640100156,4.015829220118456,0.4957810195352767,1.848692775613832,0.2185292879514952,0.037260056268389935,0.04681739190553453,0.041494951439407284,0.031201160212707836,0.743850136891766,0.10765893876252366,0.10765893876252366,0.10765893876252366,0.07725358194641307,26.56696798143693,0.1586556950750519,0.0,159.5,0.0,147.0,6391.7,0.3234405727004843,4.015829220118456,0.4957810195352767,1.848692775613832,1.0,0.3234405727004843,8.08553224374009e-13,3.1803338629288192e-09,2.339750682089914e-09,2.3110915570168087e-09,2.989236036476939e-09,2.0538848843898448e-09,2.133006726801057e-09,0.0467173609718867,0.039725810889344036,0.03035808192128566,nan,nan,nan,0.0,nan,4.0501189734712515,0.6185436659056225,2.084099912551099,0.36641617410359734,1.4303912221347304e-11,1.2254977709804574e-10,2.5986977407876473,0.3440946009488914,1.5482852357195043,0.2598927179789631,0.2986709606306424,0.05075246580348592,0.5690453916590159,4.0501189734712515,0.49702519005982376,1.8526909987356963,0.22024721101692707,0.03783336728400413,0.0474428922104499,0.04208908255125095,0.03111802009931719,0.7430210408685105,0.10954271861811607,0.10954271861811607,0.10954271861811607,0.07687345562394696,26.554558544097738,0.15861346453452324,0.0,159.0,0.0,147.0,6401.5,0.3236965159729071,4.0501189734712515,0.49702519005982376,1.8526909987356963,1.0,0.3236965159729071,7.949196856316121e-13,3.1006974765546147e-09,2.1481874057371897e-09,2.3097372903180258e-09,2.9553709479657186e-09,1.9954047303372136e-09,2.1088215618192407e-09,0.033611403295645825,0.047336187728443724,0.04032449946553949,0.030432006001855798,10,0,ccpfm,0.0,0.0015728969428029874,0.008290487686554405,0.03755896391903835,0.1083124994536669
annulus,0.0,2.49930051831588,1.8236611424977294,2.369594851155783,1.842386684626349,1.4015438746056925,1.602171043706266,1.984155890931909,1.6266423799680134,0.1,nan,nan,nan,0.0,nan,4.178899993403368,0.5991332582686693,2.0937047245962788,0.3672806839159279,1.0007462913907971e-11,5.49588507208453e-11,2.6005884228696408,0.29556729276518856,1.4220931551621399,0.21529412622003868,0.2992793198385932,0.047465009527708484,0.559133253445981,4.178899993403368,0.49281151001400836,1.9140352315353586,0.3698478929078953,0.05277263123437399,0.06845780796459804,0.060613285992472996,0.05176294037968413,0.7591724265044695,0.14429756828490076,0.1441539882542736,0.14429756828490076,0.11981551373583939,26.319043397095946,0.16105559994992785,0.0,77.3,0.0,116.4,4349.4,0.3217938835656355,4.178899993403368,0.49281151001400836,1.9140352315353586,1.0,0.3217938835656355,4.0678571622265736e-13,1.669356164413216e-09,1.0595542443425642e-09,1.0994432475541771e-09,1.3330344605932964e-09,1.1702313562622635e-09,1.1841262193001968e-09,0.06862324056128444,0.05854429908277227,0.05071771202281925,nan,nan,nan,0.0,nan,4.1664341079221625,0.5974037081679546,2.0945833108423617,0.3683720741377866,9.468696660075437e-12,5.561329261398573e-11,2.6419702023897553,0.29348594764698965,1.4282151320246474,0.21747661601054635,0.29562540688807415,0.047330863015029596,0.5590629362531407,4.1664341079221625,0.49410867623487975,1.9125856649735835,0.37059005465084893,0.05270362175562168,0.06778475451819582,0.06057006799991592,0.052247766011319696,0.7580105873667361,0.142656963764552,0.142656963764552,0.142656963764552,0.1186814937235545,26.24766203501374,0.1615919826620314,0.0,76.5,0.0,117.0,4329.5,0.32273030684042003,4.1664341079221625,0.49410867623487975,1.9125856649735835,1.0,0.32273030684042003,3.9879211044535623e-13,1.6256480606102741e-09,9.69728408684034e-10,1.038577668310836e-09,1.3933481035621753e-09,1.1104266395278728e-09,1.1730278970389918e-09,0.04700500460839148,0.0673259339187206,0.05857661017353316,0.051119273670927355,10,0,ccpfm,0.0,0.00342557892134627,0.015926974386862684,0.052865458752871804,0.14302073856225248
annulus,0.0,2.49930051831588,1.8236611424977294,2.369594851155783,1.842386684626349,1.4015438746056925,1.602171043706266,1.984155890931909,1.6266423799680134,0.12,nan,nan,nan,0.0,nan,4.587621206053083,0.6445660275917405,2.1802772203431764,0.3623287230296682,5.419584225840879e-12,3.405933238325144e-11,2.1003071994307305,0.09733045242549068,0.8544145510346862,0.06756401511824266,0.21167606654221607,0.037770138196222526,0.5429704282747183,4.587621206053083,0.5093254568474325,2.033460453310505,0.5600000341271819,0.10831775790408456,0.14560353258425324,0.1274481213027873,0.1170971932724699,0.7762271983749096,0.24738383479175124,0.24487886999536607,0.24738383479175124,0.22906107818786828,22.031041416494354,0.20397753457977763,0.0,34.8,0.0,104.8,4157.8,0.31037790028876816,4.587621206053083,0.5093254568474325,2.033460453310505,1.0,0.31037790028876816,3.8680170177940454e-13,8.080460744963602e-10,6.993735146565427e-10,6.323103818317577e-10,6.209064734585823e-10,7.24117210637587e-10,6.270617802783818e-10,0.14655142532067705,0.11743821579675442,0.10596738271385941,nan,nan,nan,0.0,nan,4.501512182777121,0.6424949105417619,2.1811906031396546,0.3627131272053514,5.521279614062458e-12,3.3783577573376936e-11,1.9843465117281407,0.09637273327750849,0.8638968631423094,0.06938722747370746,0.21326333261654995,0.03783810621984811,0.5435215084961122,4.501512182777121,0.5120388462566077,2.0333310488233125,0.5681818720503582,0.10770124474150089,0.1445777414417379,0.1268197560480664,0.1170937912261219,0.7748657092520927,0.24747318824785808,0.2457625907681888,0.24747318824785808,0.2273742158019994,21.990756790077523,0.20449999881900183,0.0,34.0,0.0,105.5,4160.0,0.3103361636446826,4.501512182777121,0.5120388462566077,2.0333310488233125,1.0,0.3103361636446826,3.872457909892546e-13,8.133196338633297e-10,6.869954605193129e-10,6.32836671954351e-10,6.08606054441907e-10,7.204522534109969e-10,6.264762042462735e-10,0.09131193279110067,0.146634868390696,0.1167146731698411,0.1060118256158715,10,0,ccpfm,0.0,0.00396245086241471,0.014297252771680454,0.10844515882242096,0.24678610670332002
annulus,0.0,2.49930051831588,1.8236611424977294,2.369594851155783,1.842386684626349,1.4015438746056925,1.602171043706266,1.984155890931909,1.6266423799680134,0.16,nan,nan,nan,0.0,nan,6.325794087328129,0.44555283784948063,1.5709830825118174,0.23723670694588792,2.3527329390260476e-12,1.4511030829026298e-11,2.7373364661297823,0.025005792624274926,0.3377894688730517,0.0330421939606569,0.3028412974814575,0.03035439705085587,0.5030290281607785,6.325794087328129,0.3779709710115531,1.5118659656916462,0.9308986049902076,0.14215968233874055,0.2385527246762112,0.18066398876855916,0.17785143577565687,0.7826907649712672,0.3369462856395595,0.28363335008988316,0.3369462856395595,0.3369462856395595,31.973764045631548,0.15745834239174217,0.0,2.0,0.0,73.3,2181.8,0.21901143949593121,6.325794087328129,0.3779709710115531,1.5118659656916462,1.0,0.21901143949593121,1.8994805728311804e-13,2.563703471736289e-10,1.7779973049414367e-10,1.532610927057476e-10,1.7149537215668809e-10,1.8776160626288174e-10,1.6305475390027134e-10,0.24007526300039592,0.16391709560650863,0.16136355105956987,nan,nan,nan,0.0,nan,6.393114626260895,0.4451009907949361,1.5771997089220156,0.23894356039456544,2.329742301854232e-12,1.4641566372684402e-11,3.032862028452838,0.02598716473686178,0.325216263744567,0.037356321839080456,0.30405716397687965,0.030669819773872058,0.5038696251447714,6.393114626260895,0.3853786234595361,1.5186267180229756,0.9378298373196585,0.13832768247254607,0.247549084837638,0.17576032229796115,0.17396517376335285,0.7851235534469481,0.32644117184935373,0.27145915882649674,0.32644117184935373,0.32644117184935373,31.79915788663316,0.15890145447056675,0.0,2.0,0.0,73.5,2159.5,0.22096498048785101,6.393114626260895,0.3853786234595361,1.5186267180229756,1.0,0.22096498048785101,1.9562129693895258e-13,2.548066202479049e-10,1.7232487659057938e-10,1.5103007733330287e-10,1.7113943595603587e-10,1.8863260953239092e-10,1.6273760117258007e-10,0.11631121178227932,0.24663188878146747,0.16010173205043565,0.15920448786382002,10,0,ccpfm,0.0,0.012969232786931906,0.04067652901289128,0.14206460615594865,0.3351026506114609
annulus,0.0,2.49930051831588,1.8236611424977294,2.369594851155783,1.842386684626349,1.4015438746056925,1.602171043706266,1.984155890931909,1.6266423799680134,0.2,nan,nan,nan,0.0,nan,6.034433243010114,0.29676698055211753,2.0496340694995303,0.2580132092003573,2.036745078148883e-12,1.113318579801976e-11,2.9232020309941795,0.02603530006835298,0.8975719717166655,0.08695675849465187,0.19441561461084472,0.021074901862477666,0.4435925224189437,6.034433243010114,0.2675111527257837,2.0288731335277523,1.0,0.19754304302426012,nan,0.2701763492061765,0.2701763492061765,0.9135835104558077,0.4669243037570441,nan,0.4669243037570441,0.4669243037570441,29.040163666581343,0.18950187136666133,0.0,0.0,0.0,48.4,1608.2,0.24956496677261533,6.034433243010114,0.2675111527257837,2.0288731335277523,1.0,0.24956496677261533,1.0371703496048213e-13,1.8096406595446978e-10,1.5649987972210512e-10,9.74754187088589e-11,1.0342763936965759e-10,1.7714600897278386e-10,1.1014008038934265e-10,nan,0.24474417014040162,0.24474417014040162,nan,nan,nan,0.0,nan,6.105422200679794,0.29907742154489086,2.046366470645761,0.25953785103268545,2.0357396324222066e-12,1.1041779612019223e-11,2.9600438918866314,0.021223864869044283,0.6742409583473429,0.08013230900554844,0.18833928917434284,0.02115955655077256,0.447933564821475,6.105422200679794,0.26615982648931813,2.0306460238557924,1.0,0.19611217552517052,nan,0.2692302125900915,0.2692302125900915,0.9156900055130256,0.46603485873952266,nan,0.46603485873952266,0.46603485873952266,28.959268314148787,0.19002596621889833,0.0,0.0,0.0,49.0,1679.0,0.2505260247696501,6.105422200679794,0.26615982648931813,2.0306460238557924,1.0,0.2505260247696501,1.0524914273446484e-13,1.8338874863133015e-10,1.5087470162100658e-10,9.704772749308255e-11,1.0335030053987282e-10,1.774637103935106e-10,1.0574198461288375e-10,0.16953453242275862,nan,0.24452574175650554,0.24452574175650554,10,0,ccpfm,0.0,0.006679415931726951,0.015316590647253707,0.19659208582471954,0.4680272099694955
annulus,0.0,1.7632455281242827,2.986493734808618,3.304761979874912,2.974847454975461,0.35007405387703927,3.1278670678378746,3.2271904385266925,3.1337743475015643,0.08,nan,nan,nan,nan,nan,nan,nan,nan,nan,0.0,0.0,nan,nan,nan,nan,nan,nan,0.0,nan,nan,nan,0.30258781665260875,0.04779330452848573,0.056720485623814265,0.05322525007103196,0.0470124286714441,1.0,0.1920872850494942,0.18806716400480447,0.1920872850494942,0.1674145555842282,328.0350808016582,0.007954856081364559,nan,159.5,nan,147.0,nan,0.0,nan,nan,nan,nan,nan,1.3247181129827368e-13,6.16395823271887e-14,4.6473935810809055e-14,9.486855745421963e-14,4.9885096053969845e-14,4.8760995241536874e-14,1.0114131754335176e-13,0.057142444798357984,0.05373596383907055,0.04969914667702539,nan,nan,nan,nan,nan,nan,nan,nan,nan,0.0,0.0,nan,nan,nan,nan,nan,nan,0.0,nan,nan,nan,0.2990717820558746,0.047952941428904244,0.05658952384896701,0.05342056751657864,0.04655605356584538,1.0,0.1953271699945484,0.18615396568406295,0.1953271699945484,0.17355994490368254,322.5218170221077,0.008081361061230957,nan,159.0,nan,147.0,nan,0.0,nan,nan,nan,nan,nan,1.3145040611561853e-13,6.17284001691587e-14,4.5852210917018965e-14,9.442446824436956e-14,4.973799150320701e-14,5.0737192225369654e-14,1.0191847366058937e-13,0.04462773965950949,0.05686664713834897,0.05351455220172886,0.04849240655139812,10,0,wls,0.0,0.00252394048760309,0.030840623394207563,0.04817064947142715,0.1924790633829806
annulus,0.0,1.7632455281242827,2.986493734808618,3.304761979874912,2.974847454975461,0.35007405387703927,3.1278670678378746,3.2271904385266925,3.1337743475015643,0.1,nan,nan,nan,nan,nan,nan,nan,nan,nan,0.0,0.0,nan,nan,nan,nan,nan,nan,0.0,nan,nan,nan,0.5325215559238111,0.08473220189588687,0.09469688529387414,0.09731573820358133,0.09978102077823303,1.0,0.32349074001780376,0.2884721599450265,0.32349074001780376,0.31412937122740303,202.90348101037628,0.012773621089260357,nan,77.3,nan,116.4,nan,0.0,nan,nan,nan,nan,nan,7.247535904753021e-14,3.3861802251067274e-14,2.6145752229922437e-14,5.694889004814741e-14,2.8391178297226815e-14,2.9976021664879227e-14,5.844214001626824e-14,0.09562846669307083,0.10231123891091096,0.10645453830457255,nan,nan,nan,nan,nan,nan,nan,nan,nan,0.0,0.0,nan,nan,nan,nan,nan,nan,0.0,nan,nan,nan,0.5379109844768184,0.0840883765887542,0.09140898744378714,0.09656218298809,0.10142408985695657,1.0,0.3120142931260741,0.27767428128761606,0.3120142931260741,0.3120142931260741,201.12363630917974,0.012935672211756826,nan,76.5,nan,117.0,nan,0.0,nan,nan,nan,nan,nan,7.105427357601002e-14,3.341771304121721e-14,2.353672812205332e-14,5.4817261840867104e-14,2.7533531010703882e-14,3.097522238704187e-14,5.5289106626332796e-14,0.08206514453451866,0.09079137481359047,0.10226715939131929,0.10735165660097536,10,1,wls,0.1,0.004904262552795579,0.054212661466552244,0.08475810254775058,0.31490507154226133
annulus,0.0,1.7632455281242827,2.986493734808618,3.304761979874912,2.974847454975461,0.35007405387703927,3.1278670678378746,3.2271904385266925,3.1337743475015643,0.12,nan,nan,nan,nan,nan,nan,nan,nan,nan,0.0,0.0,nan,nan,nan,nan,nan,nan,0.0,nan,nan,nan,0.7594535780181465,0.1396333604792374,0.13672787313273638,0.16428216113430008,0.17624654929840494,1.0,0.623418462830868,0.3459746177743369,0.623418462830868,0.623418462830868,149.32269274543606,0.017308624840555432,nan,34.8,nan,104.8,nan,0.0,nan,nan,nan,nan,nan,5.3868021154812594e-14,2.4291679778798426e-14,1.7497114868092466e-14,3.9168668308775524e-14,2.2006008126851385e-14,1.7219559111936177e-14,3.914646384828302e-14,0.1383105538081345,0.18740231103216348,0.20058746591186222,nan,nan,nan,nan,nan,nan,nan,nan,nan,0.0,0.0,nan,nan,nan,nan,nan,nan,0.0,nan,nan,nan,0.7517113605153825,0.13613851109062075,0.13504141916327872,0.16020092006002562,0.173619277101906,1.0,0.5742496197798159,0.34768254173210383,0.5742496197798159,0.5742496197798159,148.11651251276172,0.01747916589546898,nan,34.0,nan,105.5,nan,0.0,nan,nan,nan,nan,nan,5.218048215738236e-14,2.55351295663786e-14,1.609823385706477e-14,3.907985046680551e-14,2.14064876935538e-14,1.6264767310758543e-14,4.0745185003743245e-14,0.14657625795289236,0.13705529932704696,0.18823376419581117,0.1998307432699996,10,0,wls,0.0,0.014851994112960941,0.18324937362119523,0.13805905020226192,0.5799492459219783
annulus,0.0,1.7632455281242827,2.986493734808618,3.304761979874912,2.974847454975461,0.35007405387703927,3.1278670678378746,3.2271904385266925,3.1337743475015643,0.16,nan,nan,nan,nan,nan,nan,nan,nan,nan,0.0,0.0,nan,nan,nan,nan,nan,nan,0.0,nan,nan,nan,0.9927086504295506,0.482268195263841,0.21998127104159074,0.6130383962293097,0.624366130166982,1.0,2.6784873333089836,0.28107047972786575,2.6784873333089836,2.6784873333089836,79.05593936772405,0.03319592259385777,nan,2.0,nan,73.3,nan,0.0,nan,nan,nan,nan,nan,2.854383396311278e-14,1.4876988529977098e-14,9.692247004977616e-15,2.2293278334473145e-14,1.3503087537003466e-14,1.056932319443149e-14,2.533528942194607e-14,0.21491332799934995,0.7362929144939797,0.7454810978671513,nan,nan,nan,nan,nan,nan,nan,nan,nan,0.0,0.0,nan,nan,nan,nan,nan,nan,0.0,nan,nan,nan,0.9979246807444626,0.4811843700048005,0.190842093796504,0.61448542020514,0.6223800083630567,1.0,2.644199849973295,0.23616885256732373,2.644199849973295,2.644199849973295,79.44359780513116,0.03316731158309302,nan,2.0,nan,73.5,nan,0.0,nan,nan,nan,nan,nan,2.758904216193514e-14,1.3766765505351941e-14,1.0103029524088925e-14,2.1538326677728037e-14,1.2725931419765857e-14,9.381384558082573e-15,2.120525977034049e-14,0.5328758620052301,0.18780968960358108,0.7370957145012172,0.7442730057715847,10,0,wls,0.0,0.07956433435739671,0.554562396502546,0.47052232413700873,2.6625401537750357
annulus,0.0,1.7632455281242827,2.986493734808618,3.304761979874912,2.974847454975461,0.35007405387703927,3.1278670678378746,3.2271904385266925,3.1337743475015643,0.2,nan,nan,nan,nan,nan,nan,nan,nan,nan,0.0,0.0,nan,nan,nan,nan,nan,nan,0.0,nan,nan,nan,1.0,0.6343920176905177,nan,0.8683307307576318,0.8683307307576318,1.0,2.4707803843576217,nan,2.4707803843576217,2.4707803843576217,47.61322764092788,0.053098444467170824,nan,0.0,nan,48.4,nan,0.0,nan,nan,nan,nan,nan,1.79134485023269e-14,9.392486788328824e-15,7.94919685631612e-15,1.2678746941219288e-14,1.0645824499722067e-14,7.982503547054876e-15,1.3371248552829229e-14,nan,0.9496811061557251,0.9496811061557251,nan,nan,nan,nan,nan,nan,nan,nan,nan,0.0,0.0,nan,nan,nan,nan,nan,nan,0.0,nan,nan,nan,1.0,0.6126959032813931,nan,0.8355248096627379,0.8355248096627379,1.0,2.4031725372652297,nan,2.4031725372652297,2.4031725372652297,47.2503716736923,0.05340204530973555,nan,0.0,nan,49.0,nan,0.0,nan,nan,nan,nan,nan,1.7930101847696278e-14,9.325873406851315e-15,7.438494264988549e-15,1.2323475573339238e-14,1.0658141036401503e-14,7.327471962526033e-15,1.3211653993039363e-14,0.6458370168562437,nan,0.9339159763099794,0.9339159763099794,10,1,wls,0.1,0.06854283554846594,0.669582746670264,0.6175508778875278,2.3896730028276987
circle,0.0,1.70249779047457,1.734574940092063,2.4110081996500896,1.7225950168855535,1.4171130984294942,1.5483406548183671,2.106484284165618,1.5346781278579478,0.08,nan,nan,nan,0.0,nan,4.455350283355882,0.8225847098923775,1.9179592162914965,0.41948998410373195,1.2664743750251394e-10,1.1229423321375688e-09,2.968250339971866,0.43985738478806213,1.6600660236864517,0.3156592186247939,0.3090311926063243,0.06801091359797651,0.5917785354271079,4.455350283355882,0.609067713802407,1.75051769501002,0.08709236236280249,0.035532477945991035,0.04067395571421707,0.0380094312795272,0.024581874253226454,0.6963075172551347,0.1010813258836389,0.1010813258836389,0.1010813258836389,0.06447552121516015,26.943219620022667,0.1586245766255389,0.0,254.8,0.0,98.6,6561.4,0.35668033401991733,4.455350283355882,0.609067713802407,1.75051769501002,1.0,0.35668033401991733,6.678879671540017e-13,8.992278832664624e-09,6.707492339330656e-09,6.04652921065707e-09,8.427422670820306e-09,6.4873394878262046e-09,5.786594726997496e-09,0.040746886968156856,0.03686698427334667,0.02391918664741808,nan,nan,nan,0.0,nan,4.361908459560825,0.8243372834349235,1.9243341458246424,0.4185124561805062,1.1554514983691533e-10,1.131677381069781e-09,2.97504782637026,0.44086295800804,1.6606446894500482,0.31505279675915776,0.31293864264818605,0.06798555994669131,0.5915393493364833,4.361908459560825,0.6083999313118493,1.7547451878484646,0.09441376117671757,0.03515328370404987,0.040066005918797415,0.037591650882608206,0.024522235189276546,0.6982526639157827,0.1025671155427256,0.1025671155427256,0.1025671155427256,0.06206644385565452,27.019509831047728,0.1584308352030439,0.0,254.0,0.0,99.0,6576.0,0.3568709958985632,4.361908459560825,0.6083999313118493,1.7547451878484646,1.0,0.3568709958985632,6.261657858885883e-13,9.096740249958657e-09,6.803630325791232e-09,5.986189322015889e-09,8.585396837901271e-09,6.509163874568458e-09,5.619588350214144e-09,0.0321414389096987,0.0400264753967974,0.036387231925430405,0.024172938825239534,10,0,ccpfm,0.0,0.005394491760800478,0.015945931031112175,0.03507438816267699,0.10083226532836838
circle,0.0,1.70249779047457,1.734574940092063,2.4110081996500896,1.7225950168855535,1.4171130984294942,1.5483406548183671,2.106484284165618,1.5346781278579478,0.1,nan,nan,nan,0.0,nan,5.083970127393839,0.7819458027543285,1.8679604314284952,0.3858953960545205,4.120063585005135e-11,3.0027564945800224e-10,2.897751247787964,0.38293533684747444,1.6576219965136816,0.3014431594986879,0.3089147853269275,0.0595210931198479,0.5839997261841577,5.083970127393839,0.5899669200235278,1.73197462427156,0.14390895022225053,0.05375475583066167,0.06288970981693157,0.058555885441944996,0.04330132526072528,0.6872733243066045,0.1476904619068776,0.1476904619068776,0.1476904619068776,0.10739788598230397,26.360732877458453,0.16086539985198528,0.0,147.0,0.0,78.0,4366.1,0.34125922930150365,5.083970127393839,0.5899669200235278,1.73197462427156,1.0,0.34125922930150365,4.1957548546633914e-13,4.315215784700399e-09,3.296809603092754e-09,2.78164846712059e-09,3.882203151268568e-09,3.0644012660729914e-09,2.6069744779588787e-09,0.06310255289915452,0.05685689734627216,0.04244084935276203,nan,nan,nan,0.0,nan,5.041370141595651,0.7869235221858328,1.8677311786289974,0.3848846672135955,3.88537504036543e-11,2.8828900295811294e-10,2.890762896996439,0.38262880494971774,1.6567095966214254,0.29957543784564367,0.30373263146182095,0.0594842800557156,0.5831752981117241,5.041370141595651,0.5856253164096192,1.7299568021217049,0.13557043499688226,0.05304448979746598,0.06245024268833313,0.05775592484887557,0.04225806702764906,0.6863011674370278,0.1463994809357272,0.1463994809357272,0.1463994809357272,0.1071719104969262,26.296795565093145,0.1613730311958181,0.0,147.5,0.0,78.5,4361.0,0.3400899016912988,5.041370141595651,0.5856253164096192,1.7299568021217049,1.0,0.3400899016912988,3.9390712913700554e-13,4.191037517031759e-09,3.164263961963343e-09,2.6395883256924435e-09,3.87115151045947e-09,2.9720071959005168e-09,2.539705334925202e-09,0.048213907798684584,0.06282613896526906,0.05617563521799554,0.04144644070085804,10,0,ccpfm,0.0,0.0065509504947637975,0.023811237006237006,0.05269677741055869,0.14300379356272483
circle,0.0,1.70249779047457,1.734574940092063,2.4110081996500896,1.7225950168855535,1.4171130984294942,1.5483406548183671,2.106484284165618,1.5346781278579478,0.12,nan,nan,nan,0.0,nan,4.987769031142493,0.6516805815773888,1.8809057618277758,0.34991047906999684,1.2674281069102732e-11,9.008724044826042e-11,2.768810173383026,0.3278233435579244,1.6708868998431097,0.27698243152800284,0.30328576312030414,0.049059834847950165,0.575814923070727,4.987769031142493,0.5136479272007739,1.7539913511342178,0.1893978099160265,0.08149292120579035,0.09767108092736322,0.09050935342831153,0.07112594267702296,0.7075695568495828,0.21013761764514394,0.21013761764514394,0.21013761764514394,0.15795073366668685,26.019824729510372,0.16585487516294625,0.0,92.5,0.0,63.3,3213.7,0.3168391698498634,4.987769031142493,0.5136479272007739,1.7539913511342178,1.0,0.3168391698498634,3.030464768016827e-13,1.7758364112552272e-09,1.4461334796322945e-09,1.1595019944188323e-09,1.4728959579768386e-09,1.3147146704639567e-09,1.0993264520919866e-09,0.09807722448882829,0.08683578062850815,0.06697412194614573,nan,nan,nan,0.0,nan,4.990248287577428,0.6563553800953171,1.8819932993776833,0.34988968146862887,1.3830627615396551e-11,9.309578539133945e-11,2.7465751387068145,0.32546705629762906,1.6703639840634898,0.27706754574631315,0.30420841822483946,0.04905886795969966,0.5762992308777667,4.990248287577428,0.5166887293863369,1.7528555240419186,0.1913666005094556,0.07687338637958616,0.09222273581899304,0.08543514107191134,0.06669286863978904,0.7074740861458371,0.19280034998997952,0.19280034998997952,0.19280034998997952,0.14067481101711948,25.972540003426193,0.16644815733977975,0.0,93.0,0.0,63.5,3177.5,0.31740216888838574,4.990248287577428,0.5166887293863369,1.7528555240419186,1.0,0.31740216888838574,2.8954616482224083e-13,1.760266599148963e-09,1.4079972743274993e-09,1.1042813330419676e-09,1.5012345810916372e-09,1.366467161645346e-09,1.1485070672279107e-09,0.06875520413945399,0.09274089258872759,0.08194230592179144,0.06397797954635379,10,0,ccpfm,0.0,0.015504490461708745,0.0459670873437149,0.07928826999846177,0.20372179915212238
circle,0.0,1.70249779047457,1.734574940092063,2.4110081996500896,1.7225950168855535,1.4171130984294942,1.5483406548183671,2.106484284165618,1.5346781278579478,0.16,nan,nan,nan,0.0,nan,3.642016895047316,0.6873667091383797,1.855911864514399,0.36778949524966115,2.0808261363969295e-12,1.3949988077091059e-11,2.7231426398525693,0.2835773415104535,1.609286106786562,0.2437210351524523,0.3099657670353658,0.0483878233058221,0.5588136110042614,3.642016895047316,0.5417310070551754,1.7637986891665083,0.36169317621292857,0.12543949027483287,0.15150458145547657,0.14450883473390758,0.13148363263224047,0.6844589951380489,0.3060634640961638,0.29236903063820885,0.3060634640961638,0.28058937322041216,25.725770393921046,0.16846954166034697,0.0,41.7,0.0,46.5,2006.7,0.3267953028307958,3.642016895047316,0.5417310070551754,1.7637986891665083,1.0,0.3267953028307958,1.7792711748398915e-13,1.5205654513295032e-10,9.6853347564263e-11,1.0371390647342937e-10,9.81848600686841e-11,1.0601268751742055e-10,9.169454906737123e-11,0.15177977291202996,0.13543621092852567,0.11689904940791655,nan,nan,nan,0.0,nan,3.62625165858124,0.6797410883310282,1.8611031375649678,0.36547024585732,2.115953245951374e-12,1.377657823695884e-11,2.7468785888012635,0.2779474254918114,1.598543857075234,0.24618423498791597,0.3110038360475378,0.047995352768869674,0.5595289463013584,3.62625165858124,0.5470290825090935,1.7551525739114413,0.37405141915535006,0.11564433499797466,0.1356363728386505,0.1333047280044688,0.13189088556277223,0.6844526828644091,0.29556042900655616,0.2666983834338835,0.29556042900655616,0.2826774462340898,25.697678684019508,0.16901491851941602,0.0,42.0,0.0,47.0,1993.0,0.32598864921988147,3.62625165858124,0.5470290825090935,1.7551525739114413,1.0,0.32598864921988147,1.73749903353837e-13,1.4053425090310157e-10,8.556372277368496e-11,9.780309895290884e-11,8.305097581873255e-11,9.862399785731668e-11,9.646580008317723e-11,0.10004801199130281,0.13534376035503043,0.12543467006190623,0.1173671781036105,10,0,ccpfm,0.0,0.026050982855232867,0.05535841784403944,0.11716067555254495,0.2902196669942114
circle,0.0,1.70249779047457,1.734574940092063,2.4110081996500896,1.7225950168855535,1.4171130984294942,1.5483406548183671,2.106484284165618,1.5346781278579478,0.2,nan,nan,nan,0.0,nan,4.302415260000727,0.7837514544584094,2.0076674901796476,0.40325842246203314,1.3509681220935654e-12,8.636220723174607e-12,2.680002127534111,0.208747323533451,1.587467758335736,0.2069661744052917,0.281892324783227,0.04863913479562635,0.5641640371556449,4.302415260000727,0.6301893849603994,1.935691399430528,0.5665900210342589,0.17115009905313458,0.195803513624853,0.20537259901539637,0.21170687585885845,0.70693103736308,0.4122572071808758,0.39134876819723996,0.4122572071808758,0.40517828072960815,26.10695220844724,0.1806849113305978,0.0,20.2,0.0,35.6,1539.2,0.35838240140883537,4.302415260000727,0.6301893849603994,1.935691399430528,1.0,0.35838240140883537,9.887646257311644e-14,9.029750280831194e-11,8.554899011414819e-11,3.9086034560840975e-11,6.631090000014383e-11,7.927697387444255e-11,3.956251246745035e-11,0.1980256269358452,0.18910321705676855,0.18256333942123704,nan,nan,nan,0.0,nan,4.001125120496424,0.7941849731657776,2.011075159710008,0.4062949559960133,1.3166759349481083e-12,8.71532163816354e-12,2.6951630123042056,0.20847622181288722,1.6179216567178067,0.20758652112251252,0.283687224975052,0.0481580675507873,0.5647288114073493,4.001125120496424,0.6219381982330303,1.9307464895886914,0.6013623252417277,0.1766030590868489,0.19507853034905925,0.21152837803103497,0.22316915571437068,0.7095426902185662,0.42935388403474617,0.39034344804475146,0.42935388403474617,0.42935388403474617,26.118122449486897,0.18091926966233865,0.0,20.0,0.0,35.5,1483.0,0.35984197574695476,4.001125120496424,0.6219381982330303,1.9307464895886914,1.0,0.35984197574695476,1.0036416142611415e-13,8.657219385810322e-11,9.406631029662549e-11,4.040741352628885e-11,6.45504170948552e-11,7.811518099032355e-11,3.54184320761064e-11,0.14700951917250576,0.19724468823365246,0.19358114051572708,0.19072239766169846,10,0,ccpfm,0.0,0.01820417727135868,0.04382029366570817,0.1725962943780862,0.41727103968107215
circle,0.0,3.1491288721425215,3.3391330004798863,3.7873399259400533,3.346625924301457,2.77751307163089,3.500543293606135,3.6904161913627465,3.4747886901724927,0.08,nan,nan,nan,nan,nan,nan,nan,nan,nan,0.0,0.0,nan,nan,nan,nan,nan,nan,0.0,nan,nan,nan,0.14443106638704417,0.053683123432316585,0.059467799537687924,0.05742605644497484,0.048256854205007124,1.0,0.2101097533134774,0.20957619838390046,0.2101097533134774,0.16432173341627296,325.04991657378486,0.0080741550738786,nan,254.8,nan,98.6,nan,0.0,nan,nan,nan,nan,nan,1.2669032489753818e-13,6.16839912481737e-14,4.8028248045284274e-14,9.65755253545808e-14,4.9432680171435095e-14,4.816147480823929e-14,9.308109838457312e-14,0.05981670175297236,0.057533152961016985,0.05090720234515854,nan,nan,nan,nan,nan,nan,nan,nan,nan,0.0,0.0,nan,nan,nan,nan,nan,nan,0.0,nan,nan,nan,0.1436297845112339,0.05307974122397959,0.05940147171745154,0.05681506960894314,0.048325385197137305,1.0,0.2036908581326523,0.20102308348476777,0.2036908581326523,0.16504983852776609,329.2796969496632,0.008005197808304488,nan,254.0,nan,99.0,nan,0.0,nan,nan,nan,nan,nan,1.2678746941219288e-13,6.150635556423367e-14,4.3076653355456074e-14,9.681144774731365e-14,4.529709940470639e-14,4.8960835385969403e-14,9.43689570931383e-14,0.0507473470010309,0.05975110334735263,0.057442216582128905,0.0503611268117454,10,0,wls,0.0,0.002429594391145944,0.03630726494088079,0.053481637904460894,0.2078207943718987
circle,0.0,3.1491288721425215,3.3391330004798863,3.7873399259400533,3.346625924301457,2.77751307163089,3.500543293606135,3.6904161913627465,3.4747886901724927,0.1,nan,nan,nan,nan,nan,nan,nan,nan,nan,0.0,0.0,nan,nan,nan,nan,nan,nan,0.0,nan,nan,nan,0.25013918565094284,0.09124203498634618,0.09975710848135995,0.09939142747162641,0.09781956375982861,1.0,0.34425069421192933,0.2835591196660413,0.34425069421192933,0.3338429031689064,201.25654301952983,0.012944457298408655,nan,147.0,nan,78.0,nan,0.0,nan,nan,nan,nan,nan,8.284484209752919e-14,3.8391512191537914e-14,2.9676261448230436e-14,5.931921620572211e-14,2.9132252166164105e-14,3.2285285556099553e-14,7.158718062783009e-14,0.10050925715434333,0.10321820206602358,0.10782999899188546,nan,nan,nan,nan,nan,nan,nan,nan,nan,0.0,0.0,nan,nan,nan,nan,nan,nan,0.0,nan,nan,nan,0.2553302639962122,0.09140153283938152,0.09947253675056084,0.09974233967826349,0.09936057776501556,1.0,0.33156426199981986,0.28701272607630873,0.33156426199981986,0.32146467900049885,201.9257798088696,0.012959916318967472,nan,147.5,nan,78.5,nan,0.0,nan,nan,nan,nan,nan,8.08242361927114e-14,3.752553823233029e-14,3.019806626980426e-14,5.35682609381638e-14,2.8227420401094605e-14,3.219646771412954e-14,6.88338275267597e-14,0.08872110436474726,0.09998153199887844,0.10298803141899006,0.110497438856488,10,0,wls,0.0,0.0037981807330881964,0.06474323019615144,0.09154806474384013,0.3356024784356246
circle,0.0,3.1491288721425215,3.3391330004798863,3.7873399259400533,3.346625924301457,2.77751307163089,3.500543293606135,3.6904161913627465,3.4747886901724927,0.12,nan,nan,nan,nan,nan,nan,nan,nan,nan,0.0,0.0,nan,nan,nan,nan,nan,nan,0.0,nan,nan,nan,0.3423754023526874,0.1576239925734565,0.17022411214707214,0.17506295637572283,0.18508274156021026,1.0,0.6492924633423092,0.5195160690966751,0.6492924633423092,0.6097011470460301,142.29054061406472,0.018510325466665735,nan,92.5,nan,63.3,nan,0.0,nan,nan,nan,nan,nan,5.226929999935237e-14,2.5557334026871102e-14,1.7419399256368707e-14,3.758104938356155e-14,1.9681478669042463e-14,1.991740106177531e-14,4.153344335122711e-14,0.17253805786536985,0.19124740054807005,0.21505249310452218,nan,nan,nan,nan,nan,nan,nan,nan,nan,0.0,0.0,nan,nan,nan,nan,nan,nan,0.0,nan,nan,nan,0.35153494998743295,0.1557330129452581,0.1651568799046672,0.17307082099998994,0.17523304492730402,1.0,0.6058697649182548,0.496490537668992,0.6058697649182548,0.6058697649182548,140.67392384957483,0.01869002924815403,nan,93.0,nan,63.5,nan,0.0,nan,nan,nan,nan,nan,5.3290705182007514e-14,2.55351295663786e-14,1.7319479184152442e-14,3.652633751016765e-14,1.7985612998927536e-14,1.7763568394002505e-14,3.835820550079916e-14,0.1570217814224575,0.1670396563484841,0.1874900430153431,0.20489160824441566,10,0,wls,0.0,0.019273846712509785,0.14909408933800258,0.15537069567757988,0.623760487895047
circle,0.0,3.1491288721425215,3.3391330004798863,3.7873399259400533,3.346625924301457,2.77751307163089,3.500543293606135,3.6904161913627465,3.4747886901724927,0.16,nan,nan,nan,nan,nan,nan,nan,nan,nan,0.0,0.0,nan,nan,nan,nan,nan,nan,0.0,nan,nan,nan,0.609122352051813,0.47928021600308685,0.4471796596341995,0.5523220355392519,0.6720282548692869,1.0,2.5401505836047917,1.1010482745571515,2.5401505836047917,2.5401505836047917,78.52947888059717,0.0333930488462289,nan,41.7,nan,46.5,nan,0.0,nan,nan,nan,nan,nan,2.8599345114344035e-14,1.3766765505351941e-14,9.903189379656397e-15,1.9434454046063367e-14,1.4111281587680936e-14,9.72555369571637e-15,1.9950707752514062e-14,0.45249473882138275,0.6695502920915655,0.8142341122293084,nan,nan,nan,nan,nan,nan,nan,nan,nan,0.0,0.0,nan,nan,nan,nan,nan,nan,0.0,nan,nan,nan,0.6068127610849696,0.4748817956217207,0.43843398825498214,0.5468935310618787,0.6604130411712633,1.0,2.417859009259394,1.1411129059958056,2.417859009259394,2.417859009259394,77.6021343732018,0.03381624570976573,nan,42.0,nan,47.0,nan,0.0,nan,nan,nan,nan,nan,2.886579864025407e-14,1.3100631690576847e-14,1.0547118733938987e-14,1.7569279364693102e-14,1.2816137040516651e-14,1.0047518372857667e-14,1.965094753586527e-14,0.5297601619337258,0.4414881990717696,0.6627843154891978,0.789399570921266,10,0,wls,0.0,0.05752454687344005,0.5894387321125003,0.47810642701708006,2.4315054819998916
circle,0.0,3.1491288721425215,3.3391330004798863,3.7873399259400533,3.346625924301457,2.77751307163089,3.500543293606135,3.6904161913627465,3.4747886901724927,0.2,nan,nan,nan,nan,nan,nan,nan,nan,nan,0.0,0.0,nan,nan,nan,nan,nan,nan,0.0,nan,nan,nan,0.6322085887710046,1.0911500130301586,1.1464523716344828,1.309482443472552,1.431536084590604,1.0,4.149302299757265,2.6927723605003853,4.149302299757265,4.149302299757265,48.03876490470434,0.055412476762448024,nan,20.2,nan,35.6,nan,0.0,nan,nan,nan,nan,nan,1.6253665080512292e-14,8.260059303211165e-15,6.5503158452884236e-15,1.3139489496438727e-14,1.3213909133558133e-14,6.494804694057166e-15,1.2495560142156137e-14,1.160033322523605,1.4515183872906992,1.5846363905859266,nan,nan,nan,nan,nan,nan,nan,nan,nan,0.0,0.0,nan,nan,nan,nan,nan,nan,0.0,nan,nan,nan,0.6391718343141055,1.0689662096515768,1.0470116215659817,1.28414903489297,1.4392105662692583,1.0,4.141400774337407,2.4433752748191004,4.141400774337407,4.141400774337407,47.520078712147864,0.0554497602311424,nan,20.0,nan,35.5,nan,0.0,nan,nan,nan,nan,nan,1.6042722705833512e-14,8.326672684688674e-15,6.661338147750939e-15,1.2656542480726785e-14,1.2698175844150228e-14,6.106226635438361e-15,1.2045919817182948e-14,1.0938900508537053,1.047956581039453,1.4378892856941927,1.5968368021093113,10,0,wls,0.0,0.15644350735601353,1.0470721823451583,1.0826599620809558,4.122297791212795
ellipse,0.0,1.5267688161606576,1.4475448694240274,1.8806398854786033,1.3623283153946937,1.2879573845644736,1.3429123141619204,1.4447362691555035,1.3290961859016084,0.08,nan,nan,nan,0.0,nan,6.58230140706939,0.7131917239121778,1.9633982091478948,0.37743080310312443,7.263188303834739e-11,5.51665904751578e-10,2.8629769692114424,0.4041017542326749,1.6524550784870626,0.30023081130396506,0.3016738516754956,0.05972963540939956,0.5846726528656498,6.58230140706939,0.5502627563810383,1.771948952007018,0.14556189878086528,0.04463834817853486,0.05129200877427348,0.048307772624007664,0.036405476304373206,0.7180892070019367,0.11318071209956375,0.11047050638152352,0.11318071209956375,0.10235103089738751,26.663560518514156,0.15656139344481976,0.0,198.7,0.0,95.2,5629.8,0.33479309813212665,6.58230140706939,0.5502627563810383,1.771948952007018,1.0,0.33479309813212665,7.005951374594587e-13,6.367144722574381e-09,4.87819518113497e-09,4.027062017186722e-09,5.528029156653958e-09,3.423164085525343e-09,4.056545976904857e-09,0.051480183017668435,0.0470276578051379,0.03549376135604243,nan,nan,nan,0.0,nan,6.440472706177356,0.7084245498706303,1.9778521638269058,0.37696342685752615,6.62446520164825e-11,5.430551689364585e-10,2.837062031692329,0.4053942140854608,1.6478212650959707,0.30006619625075703,0.29501873404293055,0.05964361986083765,0.5855168643278659,6.440472706177356,0.5486066046552174,1.767754001141648,0.13868479065293285,0.04048381762471352,0.04605080724807366,0.043778960164056,0.03513935671654036,0.7170604386626427,0.11029427009626089,0.10180088677854321,0.11029427009626089,0.10415571329732737,26.725373141337386,0.15618372113670684,0.0,198.5,0.0,94.5,5613.0,0.33437097940905247,6.440472706177356,0.5486066046552174,1.767754001141648,1.0,0.33437097940905247,6.554756737386924e-13,6.5216219091723815e-09,4.864211922139816e-09,3.932055792077449e-09,5.610472086914342e-09,3.539737170044077e-09,4.003189335577417e-09,0.03701782745599018,0.045852966292087946,0.04253706436904332,0.034773982598200824,10,0,ccpfm,0.0,0.009270327366587143,0.01929598593087407,0.042951282613514434,0.11068457731330777
ellipse,0.0,1.5267688161606576,1.4475448694240274,1.8806398854786033,1.3623283153946937,1.2879573845644736,1.3429123141619204,1.4447362691555035,1.3290961859016084,0.1,nan,nan,nan,0.0,nan,4.8840357640299,0.6617867718563388,2.0026917002218063,0.3644626398319918,1.527188369255389e-11,1.1319121977312331e-10,2.7771781684021155,0.35736398958502497,1.6415804794438285,0.28232004116010884,0.30097798282722976,0.05392177764116329,0.5774101404055366,4.8840357640299,0.5201094006215484,1.7873883489602842,0.18242089338233108,0.06667629979972038,0.07975361822708915,0.07374791809243406,0.05688372095825801,0.7231791149655246,0.1687965555972249,0.1686587465550517,0.1687965555972249,0.139435029030419,26.67086259776058,0.15897378722598177,0.0,112.5,0.0,73.9,3739.3,0.32592787482082863,4.8840357640299,0.5201094006215484,1.7873883489602842,1.0,0.32592787482082863,4.0953906932372776e-13,1.898177748316243e-09,1.4344599730264918e-09,1.397999774971348e-09,1.7258983658896554e-09,1.3060617920501728e-09,1.536736993212884e-09,0.07963312316141034,0.0706115082286711,0.053801576157229525,nan,nan,nan,0.0,nan,4.822349585749456,0.6604453031393781,2.003068602691306,0.3638807466130488,1.5278060067069887e-11,1.1419414839796046e-10,2.774399294428063,0.35620345880317716,1.6364098050332752,0.2816562011697413,0.29996234619149453,0.054157332993116564,0.5770464634332879,4.822349585749456,0.5175161611296482,1.7844845897371715,0.1835835477308589,0.06707843507507306,0.0796418964404842,0.0742164114787903,0.056018992242866314,0.7216800733586972,0.1730861584469465,0.17239711323608067,0.1730861584469465,0.13648788291825262,26.63206500088308,0.159046348254072,0.0,113.5,0.0,73.0,3756.5,0.32568163134819145,4.822349585749456,0.5175161611296482,1.7844845897371715,1.0,0.32568163134819145,3.752553823233029e-13,1.9455128619227935e-09,1.4904344425303861e-09,1.481398115288357e-09,1.8127048750926633e-09,1.325243137451082e-09,1.5230359751150502e-09,0.05919112194976395,0.07934036306782528,0.0703890120916113,0.05317973745071494,10,0,ccpfm,0.0,0.012298158816426602,0.0236228064806867,0.06610918842397262,0.1690905986181508
ellipse,0.0,1.5267688161606576,1.4475448694240274,1.8806398854786033,1.3623283153946937,1.2879573845644736,1.3429123141619204,1.4447362691555035,1.3290961859016084,0.12,nan,nan,nan,0.0,nan,4.665688009597376,0.6582085543526619,1.9731966826661407,0.36492178756511184,7.408248103510374e-12,4.544222824103726e-11,2.6265621161874693,0.3240488651137861,1.6033630611915064,0.26339928235063353,0.29793719494972637,0.05146487767112915,0.5712528155001093,4.665688009597376,0.5145504695782831,1.8005039810749206,0.3040439830193883,0.07152290672799448,0.08452644899049103,0.08075226381764544,0.07314154870981279,0.721180825571238,0.18192336301111092,0.17555382088363228,0.18192336301111092,0.1697522639215056,26.690261496198787,0.1599637829891857,0.0,70.3,0.0,61.5,2755.5,0.3245657267285341,4.665688009597376,0.5145504695782831,1.8005039810749206,1.0,0.3245657267285341,3.157030192824095e-13,8.553879382589002e-10,6.283170428389439e-10,6.521289772076777e-10,7.846641956847644e-10,6.058665569241839e-10,7.544814446813763e-10,0.08474506868897622,0.07753749857410827,0.06791871400573377,nan,nan,nan,0.0,nan,4.627677535038865,0.6569530998864341,1.9845063399347012,0.3658118566772376,7.35442609589576e-12,4.5478090108307466e-11,2.571903465686843,0.32296486722221085,1.6060527203843558,0.2614372478305935,0.2972938728998006,0.05194806057407586,0.5714252326497054,4.627677535038865,0.5143173208701769,1.801659722377446,0.30826956594176824,0.07069951734889623,0.08320064347769814,0.07990067572927406,0.07411402500298712,0.7215042030442664,0.1709333166817927,0.1665568059819795,0.1709333166817927,0.1694434489372264,26.558104698691537,0.1603570433441039,0.0,70.5,0.0,61.0,2740.0,0.32285169675242964,4.627677535038865,0.5143173208701769,1.801659722377446,1.0,0.32285169675242964,3.0020430585864233e-13,8.256972883202707e-10,5.788166612674672e-10,6.506648553283867e-10,7.945665306263727e-10,6.100464577940556e-10,7.762803733157853e-10,0.06232464664617904,0.08222336124931431,0.07617708971977893,0.06914009120102758,10,0,ccpfm,0.0,0.013372217472559839,0.027167798060781453,0.07224406552381307,0.18007493766733262
ellipse,0.0,1.5267688161606576,1.4475448694240274,1.8806398854786033,1.3623283153946937,1.2879573845644736,1.3429123141619204,1.4447362691555035,1.3290961859016084,0.16,nan,nan,nan,0.0,nan,4.940074906875676,0.6789621391958361,2.1173985559719872,0.37440224946618356,3.234203161360527e-12,1.5177975179556574e-11,2.4864237387674493,0.2357663729209436,1.4423145230381516,0.21218721592249187,0.2818043789432449,0.04638983241270646,0.5625107873752077,4.940074906875676,0.5532081805241928,1.9315991009164342,0.4187457088354627,0.12261562094629537,0.15601980041387878,0.14518493929425702,0.13060539254317582,0.7378761472004163,0.3010862731767889,0.28497383101449725,0.3010862731767889,0.2796862669323271,26.783573198362497,0.1633144072731601,0.0,28.8,0.0,43.4,1739.7,0.3320323326809246,4.940074906875676,0.5532081805241928,1.9315991009164342,1.0,0.3320323326809246,1.680211525467712e-13,3.8219662990002237e-10,3.179625229776661e-10,2.7077005360087727e-10,1.860676014306395e-10,1.5930290420129722e-10,1.939573154863261e-10,0.1554002212056421,0.13485257321884112,0.11793640568635202,nan,nan,nan,0.0,nan,4.963416805230159,0.6689180880115648,2.115532618315971,0.3752891241781744,3.2613269723702487e-12,1.5226913701465083e-11,2.4975667871971003,0.23957717366873185,1.4368953325480591,0.2158431765450327,0.274706000523427,0.04639558850902825,0.5618385255197218,4.963416805230159,0.5495027784766668,1.9410821756563026,0.3920140606328242,0.12898320303317817,0.16146302991547815,0.15246009197724042,0.14123148704235125,0.7408854251166205,0.3170025229218122,0.3000378151711644,0.3170025229218122,0.2861912436020378,26.65931955996856,0.1630664224146105,0.0,28.5,0.0,44.0,1683.0,0.33262991698958216,4.963416805230159,0.5495027784766668,1.9410821756563026,1.0,0.33262991698958216,1.7563728249569976e-13,3.9490233305627953e-10,3.276016125042247e-10,2.7714858186200786e-10,1.799962366655361e-10,1.4759105049222399e-10,1.934389315394469e-10,0.10931165361897262,0.16073709497582406,0.14053652215751145,0.12473910900162116,10,0,ccpfm,0.0,0.03358882834868093,0.06749110845252711,0.12397688301696551,0.30558164234677704
ellipse,0.0,1.5267688161606576,1.4475448694240274,1.8806398854786033,1.3623283153946937,1.2879573845644736,1.3429123141619204,1.4447362691555035,1.3290961859016084,0.2,nan,nan,nan,0.0,nan,5.697948658105786,0.7461143516579802,2.335257547902965,0.40338688072767237,3.034164759718738e-12,1.3503952689956505e-11,1.798864684629374,0.13841362538794463,0.9050963440401689,0.08193722542375641,0.23880873210144538,0.047824716931537795,0.5624288500976365,5.697948658105786,0.5666977165619314,2.153771549895459,0.6018484847169197,0.14859364903581807,0.19042203576926414,0.1848903597040153,0.1802340056691914,0.7856956509064104,0.3790774924102343,0.330081558625369,0.3790774924102343,0.37722775576834433,27.37837807215713,0.16966865853271593,0.0,12.6,0.0,33.6,1177.2,0.3470474662583143,5.697948658105786,0.5666977165619314,2.153771549895459,1.0,0.3470474662583143,8.512079929801076e-14,3.114850599672536e-10,2.3266475412953014e-10,1.901285406891162e-10,1.5969559060552418e-10,1.868320165243631e-10,2.0303814220190564e-10,0.190840400007645,0.17044207939590353,0.1614547164314743,nan,nan,nan,0.0,nan,5.362211791867232,0.7437474988077994,2.3201352065057312,0.40319960920803566,2.9672306278705207e-12,1.3304364974107791e-11,1.7751378319667337,0.13285805869991138,0.8707999982519739,0.07872503840245776,0.231242682748105,0.04753837109571381,0.5621861205137231,5.362211791867232,0.5612225169663329,2.1332307309302676,0.6239366554532908,0.15298662214102826,0.18541674704480893,0.19005915391751804,0.19201955912670446,0.7866652727849591,0.37651026834278545,0.3358124938028798,0.37651026834278545,0.37651026834278545,27.306246457930794,0.16876560864131102,0.0,12.5,0.0,34.0,1167.5,0.3466086289194529,5.362211791867232,0.5612225169663329,2.1332307309302676,1.0,0.3466086289194529,8.693046282814976e-14,3.2537572636215373e-10,2.22657114967717e-10,1.8449838878886737e-10,1.5381453229157405e-10,1.8508461430144507e-10,2.0698165056898254e-10,0.1293887430229446,0.18411207059414264,0.17572327273603167,0.16802959212801039,10,0,ccpfm,0.0,0.020816341537598215,0.04838049007110004,0.14926935673035904,0.37666081659124107
ellipse,0.0,3.68888167614132,4.739191885310828,5.4644911120770425,5.027275638528278,3.235724848803373,5.479101383756997,5.789954042897121,5.8703239236951505,0.08,nan,nan,nan,nan,nan,nan,nan,nan,nan,0.0,0.0,nan,nan,nan,nan,nan,nan,0.0,nan,nan,nan,0.13934783588742342,0.05710023617945674,0.06556827962347409,0.06179048863984447,0.047267820814693474,1.0,0.23399076414226502,0.2293910759955664,0.23399076414226502,0.17721290671090947,310.39437486988277,0.008381608674730662,nan,198.7,nan,95.2,nan,0.0,nan,nan,nan,nan,nan,1.2672085603071538e-13,6.474820679613913e-14,5.617728504603292e-14,9.849898674474389e-14,5.252465129501616e-14,2.9354296771089136e-14,8.184564137536655e-14,0.06597768070253504,0.06157183446359875,0.0507933569423958,nan,nan,nan,nan,nan,nan,nan,nan,nan,0.0,0.0,nan,nan,nan,nan,nan,nan,0.0,nan,nan,nan,0.13972464990278255,0.05668895391185087,0.0653519329244751,0.06129743408650236,0.045775299623801544,1.0,0.232474495745838,0.21603274096585573,0.232474495745838,0.17240941515756472,306.40429626048467,0.008416083209316172,nan,198.5,nan,94.5,nan,0.0,nan,nan,nan,nan,nan,1.2467804566540508e-13,6.52811138479592e-14,5.3734794391857577e-14,9.414691248821327e-14,5.3290705182007514e-14,3.019806626980426e-14,8.526512829121202e-14,0.05258969434649863,0.06451363175456223,0.060406759062784504,0.05025258658753581,10,0,wls,0.0,0.003909837546784688,0.03234180633979899,0.056978310815482124,0.2273707374713558
ellipse,0.0,3.68888167614132,4.739191885310828,5.4644911120770425,5.027275638528278,3.235724848803373,5.479101383756997,5.789954042897121,5.8703239236951505,0.1,nan,nan,nan,nan,nan,nan,nan,nan,nan,0.0,0.0,nan,nan,nan,nan,nan,nan,0.0,nan,nan,nan,0.27918673931237864,0.09537916110810798,0.10695017141532423,0.10549072580587586,0.1016173056106778,1.0,0.3723542745445532,0.30619595546234046,0.3723542745445532,0.3441739133556081,196.50999634492376,0.013237746426835137,nan,112.5,nan,73.9,nan,0.0,nan,nan,nan,nan,nan,7.396305790052793e-14,3.8591352335970444e-14,3.2240876635114543e-14,6.330491686412643e-14,2.7933211299568938e-14,1.5165646516379638e-14,4.4431125445498763e-14,0.10751911011571295,0.11080697474768009,0.11528956991124129,nan,nan,nan,nan,nan,nan,nan,nan,nan,0.0,0.0,nan,nan,nan,nan,nan,nan,0.0,nan,nan,nan,0.2712820886180173,0.09421761344158606,0.10379550289573092,0.10420387428625899,0.10123224484080345,1.0,0.37272045592135433,0.28020339250998666,0.37272045592135433,0.32359614488710053,196.28646673215903,0.013198692965969101,nan,113.5,nan,73.0,nan,0.0,nan,nan,nan,nan,nan,7.105427357601002e-14,3.9968028886505635e-14,3.097522238704187e-14,6.461498003318411e-14,2.4868995751603507e-14,1.4099832412739488e-14,4.2521541843143495e-14,0.0932402469895598,0.10515398337362686,0.11058558627316603,0.1165263387846325,10,0,wls,0.0,0.00841929419965449,0.060816195434019046,0.09483719500070525,0.36712815748152433
ellipse,0.0,3.68888167614132,4.739191885310828,5.4644911120770425,5.027275638528278,3.235724848803373,5.479101383756997,5.789954042897121,5.8703239236951505,0.12,nan,nan,nan,nan,nan,nan,nan,nan,nan,0.0,0.0,nan,nan,nan,nan,nan,nan,0.0,nan,nan,nan,0.4198156825540674,0.1653002846507714,0.17694428093220702,0.18664266663287118,0.20179233404445202,1.0,0.7634246225780021,0.46324134643843085,0.7634246225780021,0.7634246225780021,141.2297542767356,0.018544100892822834,nan,70.3,nan,61.5,nan,0.0,nan,nan,nan,nan,nan,5.5289106626332796e-14,2.637889906509372e-14,2.3125945602942012e-14,4.301003997397856e-14,2.4202861936828413e-14,1.3922196728799464e-14,3.5982328228101326e-14,0.17813116877649693,0.20859389841353218,0.2377964616921248,nan,nan,nan,nan,nan,nan,nan,nan,nan,0.0,0.0,nan,nan,nan,nan,nan,nan,0.0,nan,nan,nan,0.427253721932303,0.1595969323967525,0.17291822691331568,0.18036567518247254,0.19073868842310285,1.0,0.6383479537009473,0.44710071361394854,0.6383479537009473,0.6383479537009473,139.1130199251631,0.01860562184259338,nan,70.5,nan,61.0,nan,0.0,nan,nan,nan,nan,nan,5.551115123125783e-14,2.5424107263916085e-14,1.970645868709653e-14,3.8746783559417963e-14,2.5757174171303632e-14,1.354472090042691e-14,3.752553823233029e-14,0.16541726075045432,0.17334568088224744,0.20169894682079353,0.22431689483964434,10,0,wls,0.0,0.01704624563444169,0.22247177475035093,0.1614855247098768,0.7254233383484602
ellipse,0.0,3.68888167614132,4.739191885310828,5.4644911120770425,5.027275638528278,3.235724848803373,5.479101383756997,5.789954042897121,5.8703239236951505,0.16,nan,nan,nan,nan,nan,nan,nan,nan,nan,0.0,0.0,nan,nan,nan,nan,nan,nan,0.0,nan,nan,nan,0.8824405014141649,1.4985218551207287,0.6131048365687408,1.7734356810533043,2.476936769778957,1.0,12.698136809731377,1.7693292243695873,12.698136809731377,12.698136809731377,80.07754949166565,0.03255033578659921,nan,28.8,nan,43.4,nan,0.0,nan,nan,nan,nan,nan,3.12416759129519e-14,1.3522516439934406e-14,1.1146639167236572e-14,2.2337687255458148e-14,1.3491638362062019e-14,7.538414337204814e-15,1.9001467066459555e-14,0.624195235699831,2.630535229804065,3.334873920105454,nan,nan,nan,nan,nan,nan,nan,nan,nan,0.0,0.0,nan,nan,nan,nan,nan,nan,0.0,nan,nan,nan,0.8831066610007026,0.8927083988044474,0.5082571898599431,1.0549987879218574,1.3971433121261532,1.0,5.858422899947579,1.3835702423309892,5.858422899947579,5.858422899947579,81.19552138525083,0.03239049443005276,nan,28.5,nan,44.0,nan,0.0,nan,nan,nan,nan,nan,3.1530333899354446e-14,1.1879386363489175e-14,1.0047518372857667e-14,1.9872992140790302e-14,1.1435297153639112e-14,7.438494264988549e-15,1.9595436384634013e-14,1.1518266631538319,0.5187601806702407,1.4910830876904417,1.84196007237788,10,3,wls,0.3,1.733164965994765,17.955377998749025,0.9204888170801756,6.495174305560677
ellipse,0.0,3.68888167614132,4.739191885310828,5.4644911120770425,5.027275638528278,3.235724848803373,5.479101383756997,5.789954042897121,5.8703239236951505,0.2,nan,nan,nan,nan,nan,nan,nan,nan,nan,0.0,0.0,nan,nan,nan,nan,nan,nan,0.0,nan,nan,nan,0.9469657916097385,11.871720955996885,4.863423005160886,14.765313539980664,18.167370408921013,1.0,94.8897455437765,10.933669559220126,94.8897455437765,94.8897455437765,49.54742612293445,0.05298013633991292,nan,12.6,nan,33.6,nan,0.0,nan,nan,nan,nan,nan,1.7219559111936177e-14,8.570921750106209e-15,7.01660951563099e-15,1.5218382110049332e-14,9.307138393310765e-15,5.118128143521972e-15,8.92619311798626e-15,4.934978487139448,21.59389521912003,25.08833762890021,nan,nan,nan,nan,nan,nan,nan,nan,nan,0.0,0.0,nan,nan,nan,nan,nan,nan,0.0,nan,nan,nan,0.9552461493976163,4.080327629946547,2.008543250138457,5.070191890590014,6.30738924318133,1.0,29.730938873834518,3.899579691744054,29.730938873834518,29.730938873834518,48.97213508989144,0.05317692330502761,nan,12.5,nan,34.0,nan,0.0,nan,nan,nan,nan,nan,1.7430501486614958e-14,9.325873406851315e-15,6.994405055138486e-15,1.509903313490213e-14,8.965050923848139e-15,3.885780586188048e-15,9.048317650695026e-15,5.428079878553692,2.0414014889919394,7.35599640312655,8.54673008595697,10,10,wls,1.0,14.897624160626107,126.30276280763537,5.620790987463096,43.19206311395009
star,0.0,1.139091869568576,1.2794470403074991,1.5521808569465836,1.2951617773064155,0.39461514350694343,1.1843579800729835,1.2059253280215145,1.138870601279928,0.08,nan,nan,nan,0.0,nan,5.578178137207475,0.627548103347227,2.0243376928679164,0.3560226575114095,3.7759739258957924e-11,1.8052453463588616e-10,2.4637076650549425,0.3519428336509975,1.5407585174096732,0.2699926831507136,0.27930478982044493,0.04911315836360449,0.5679469839771324,5.578178137207475,0.5176981448457474,1.8109194285452266,0.3640843609494928,0.023605818243722706,0.027097948258653415,0.026507841479540745,0.025418473308461774,0.735751141569861,0.08056464385496945,0.07432413176993449,0.08056464385496945,0.07816705142654015,29.531371038634934,0.16844911670261692,0.0,111.2,0.0,115.6,4959.0,0.32571503892834797,5.578178137207475,0.5176981448457474,1.8109194285452266,1.0,0.32571503892834797,8.052225553001336e-13,7.182214201151282e-09,6.437024713257245e-09,6.0974507554156785e-09,3.628037953395946e-09,5.9282789566239554e-09,5.576446460153761e-09,0.027361404983152655,0.026648061858440125,0.025808394393383366,nan,nan,nan,0.0,nan,5.547928585310111,0.6289031305406232,2.0338542667782487,0.35457691961189786,3.6157076464815585e-11,1.8112702899917684e-10,2.409402515778292,0.3507850800606699,1.5424010897233098,0.26959582682014116,0.2798958869783519,0.04894866447094984,0.5681869793466074,5.547928585310111,0.5189516357066328,1.8074856476271703,0.3501406583880135,0.023921410303764476,0.028308346884992137,0.02686705539287321,0.025269561487575587,0.7347825797193478,0.07830431611711089,0.07217047886981938,0.07830431611711089,0.07636819465446273,29.379979168508193,0.16775801407892066,0.0,110.0,0.0,116.5,4951.0,0.3256818179053902,5.547928585310111,0.5189516357066328,1.8074856476271703,1.0,0.3256818179053902,8.313350008393172e-13,6.672677743679856e-09,6.119178497243638e-09,5.831303440118063e-09,3.597173808822518e-09,5.86530590762635e-09,5.4970712426438695e-09,0.02181731430568308,0.028640487728244523,0.02692545777002034,0.025871347790885707,10,0,ccpfm,0.0,0.002388793561492836,0.007080623494000212,0.023513073985691177,0.07880019727743999
star,0.0,1.139091869568576,1.2794470403074991,1.5521808569465836,1.2951617773064155,0.39461514350694343,1.1843579800729835,1.2059253280215145,1.138870601279928,0.1,nan,nan,nan,0.0,nan,6.5163448735002065,0.5906287064448226,2.0150409595568295,0.31880941224151965,1.121897314632081e-11,5.09896448758951e-11,2.638391526483833,0.2977213811288371,1.5328917977451764,0.24888443200571034,0.26969345677019657,0.042018688289678856,0.5481320199913287,6.5163448735002065,0.5149928116704346,1.856818409327912,0.583402247341203,0.051721722795103245,0.0551162594439943,0.060068077983032306,0.06446126386319719,0.7682823212986605,0.19153760705569792,0.14933278089086965,0.19153760705569792,0.1897458082534688,34.691420899008484,0.15414663933785672,0.0,54.7,0.0,89.8,3823.9,0.3002803526448858,6.5163448735002065,0.5149928116704346,1.856818409327912,1.0,0.3002803526448858,4.60964599824365e-13,1.6440777406145913e-09,1.5898300564920475e-09,1.1453467507749338e-09,9.171524657791696e-10,1.2733950005561212e-09,9.11178096862919e-10,0.05521544421271539,0.06431157144634687,0.06923374834033805,nan,nan,nan,0.0,nan,6.48329116762618,0.5912693415585872,2.008312584571562,0.317949949221599,1.1085656698162083e-11,5.1355613053010605e-11,2.5847120985312375,0.2925564674269086,1.5358943718624807,0.24922360248447206,0.26719195878524493,0.04148585745250192,0.547188845783402,6.48329116762618,0.5148024474889106,1.856751386437088,0.5874556942037953,0.05333066452423856,0.05427283756021757,0.062083229472228045,0.06762363737592489,0.7709700145573817,0.18368261540779393,0.14609360144445263,0.18368261540779393,0.18368261540779393,34.70911679714662,0.1535804423887538,0.0,55.0,0.0,90.0,3868.0,0.30096206909386924,6.48329116762618,0.5148024474889106,1.856751386437088,1.0,0.30096206909386924,4.192202140984591e-13,1.5304827405415722e-09,1.5654204044146525e-09,1.0270846395599165e-09,1.0072280787198906e-09,1.2843735519574295e-09,9.935883227285558e-10,0.05150073937130076,0.05418323550550581,0.06634953911210095,0.07149740238345494,10,0,ccpfm,0.0,0.005649598661823617,0.013563045300260555,0.0523236770041978,0.18977733152346385
star,0.0,1.139091869568576,1.2794470403074991,1.5521808569465836,1.2951617773064155,0.39461514350694343,1.1843579800729835,1.2059253280215145,1.138870601279928,0.12,nan,nan,nan,0.0,nan,5.15300573524422,0.5370622036649466,1.9150792457403376,0.31417758564192616,1.0784335924274303e-11,4.035465220752305e-11,2.4471926163802245,0.2796823616653979,1.4791219410379757,0.22843144869115614,0.2901133704222726,0.039483875961395444,0.5285198790079787,5.15300573524422,0.4830872088864141,1.8020268686258336,0.7176189922392276,0.060095155610737805,0.06105132717055443,0.07220365428827395,0.07842536152015298,0.7620717399986214,0.19778739336664647,0.15829160239837545,0.19778739336664647,0.19656513586667496,32.97491165032899,0.1584849639579208,0.0,28.8,0.0,72.3,2689.5,0.29694502446596693,5.15300573524422,0.4830872088864141,1.8020268686258336,1.0,0.29694502446596693,3.836930773104541e-13,1.598350363174461e-09,1.6145198067363253e-09,1.0647052572920757e-09,8.755224057896416e-10,1.3034514467769043e-09,9.323864236243652e-10,0.06113126170776484,0.07808933702247699,0.08380314721097934,nan,nan,nan,0.0,nan,5.127582144400526,0.5357671689165653,1.9107818968306063,0.31496893596028736,1.046193340292767e-11,4.10728708948324e-11,2.46724926004811,0.28122765857721843,1.477902363379109,0.23090655533737847,0.2921108249345973,0.03972157156141316,0.5296781980849176,5.127582144400526,0.48326820386735525,1.8007136594944524,0.7195101144626002,0.059277155558704886,0.06226269054163863,0.07114292967204269,0.07485803238416003,0.7625475346839256,0.1933980989809386,0.15667555998375365,0.1933980989809386,0.1921295215773364,33.157602357584025,0.15461139098496313,0.0,28.5,0.0,73.5,2620.0,0.29752518810197254,5.127582144400526,0.48326820386735525,1.8007136594944524,1.0,0.29752518810197254,3.526068326209497e-13,1.6348558062873053e-09,1.6531444546608043e-09,1.085697531877372e-09,8.654927885487496e-10,1.2710781871483334e-09,9.145655344156012e-10,0.056960634908775655,0.06174956446919479,0.07643489479027438,0.0801719978395033,10,0,ccpfm,0.0,0.0049823697238141835,0.012464157749484785,0.059597208548113234,0.19684153735486318
star,0.0,1.139091869568576,1.2794470403074991,1.5521808569465836,1.2951617773064155,0.39461514350694343,1.1843579800729835,1.2059253280215145,1.138870601279928,0.16,nan,nan,nan,0.0,nan,5.118098083742548,0.5113125881281025,2.081447281500064,0.29956271061458983,4.678615437778144e-12,2.07235428867454e-11,2.9429784576996485,0.2682151786535506,1.40739443271827,0.20350903741041418,0.28346130544279424,0.03834163949481292,0.5317802930354519,5.118098083742548,0.4796139007945303,2.0079337766452188,0.8764823287778742,0.07131602379843036,0.06905435028312498,0.09167739798587063,0.09580336588231883,0.8127757781724355,0.2287304726296771,0.11501365737489833,0.2287304726296771,0.2287304726296771,28.734795130439664,0.1782375381972345,0.0,7.6,0.0,50.0,1618.6,0.2880922726769676,5.118098083742548,0.4796139007945303,2.0079337766452188,1.0,0.2880922726769676,1.555311435197382e-13,5.539862124592787e-10,5.47578893339562e-10,3.383420876801324e-10,3.0325194638400333e-10,4.789623475609517e-10,2.9496756981384207e-10,0.06873618212220743,0.09949766248998451,0.10277457981382121,nan,nan,nan,0.0,nan,5.1343902701192725,0.5104605011702257,2.0915970206181824,0.29975433668440765,4.670085498870158e-12,2.0171414866222066e-11,2.9263417583310023,0.26737317390573345,1.42088325582277,0.2,0.27431483058405626,0.03819770373875886,0.5316281547665193,5.1343902701192725,0.48235459851856965,2.014067425484931,0.9089601862889058,0.06990916638218579,0.05903354220991419,0.09032826547251793,0.09546308985316686,0.8135134296990472,0.227555594074027,0.09834222067751386,0.227555594074027,0.227555594074027,28.64820306269146,0.17841772864730457,0.0,8.0,0.0,50.0,1613.0,0.2876198330069065,5.1343902701192725,0.48235459851856965,2.014067425484931,1.0,0.2876198330069065,1.4482859356235167e-13,5.349832798984266e-10,5.222501320290007e-10,3.306546009218536e-10,2.844723510572744e-10,4.5413101057434346e-10,2.770490087344868e-10,0.0687133606712548,0.058573777289095574,0.09845124623517404,0.10258149444879366,10,0,ccpfm,0.0,0.006849692473492133,0.01037734593181463,0.0699289255235164,0.22810012498051815
star,0.0,1.139091869568576,1.2794470403074991,1.5521808569465836,1.2951617773064155,0.39461514350694343,1.1843579800729835,1.2059253280215145,1.138870601279928,0.2,nan,nan,nan,0.0,nan,5.337580910840651,0.4793062058325283,2.1592352564375945,0.3093679058927282,3.157540244894119e-12,1.1491164731568186e-11,2.118233266652491,0.11062635572311937,0.829807906006541,0.08093154582549712,0.23387638339547037,0.03340924263705418,0.5229218380648969,5.337580910840651,0.4150897317951053,2.101023226000776,0.9316101886880652,0.09215595971079116,0.09146968169758521,0.1286110762551813,0.13124541784486604,0.847974596395478,0.2706197880104716,0.11946816284068351,0.2706197880104716,0.2706197880104716,30.36331616816431,0.16502499880412874,0.0,2.3,0.0,33.7,1048.6,0.2921073971118064,5.337580910840651,0.4150897317951053,2.101023226000776,1.0,0.2921073971118064,8.51096970677645e-14,2.0160926261780788e-10,1.6489115628459672e-10,1.7044635980401068e-10,8.360875325408301e-11,1.0699352515075589e-10,1.145467276586487e-10,0.09142987716519194,0.13077370365174013,0.13238216721370968,nan,nan,nan,0.0,nan,5.131487046357879,0.4741791449519225,2.1633884769602725,0.3086854460093897,3.154639743874199e-12,1.1638025726247441e-11,2.1808107528059772,0.11818242730379916,0.9056941959462541,0.08783783783783784,0.23126707794615894,0.033520854250325305,0.5225743643293994,5.131487046357879,0.4121333626285629,2.0992081041977793,0.9188327880332243,0.09295252516167714,0.10301096397560972,0.12935127494014967,0.12977371699788753,0.8493286122512751,0.2805924992493686,0.14441611940128357,0.2805924992493686,0.2805924992493686,30.044927940454563,0.16500705084765727,0.0,2.5,0.0,34.0,1042.0,0.2920619059845073,5.131487046357879,0.4121333626285629,2.0992081041977793,1.0,0.2920619059845073,8.260059303211165e-14,1.994313603148612e-10,1.614224309776091e-10,1.6604247143892081e-10,8.543279625405908e-11,1.0173217823705727e-10,1.2457379572339278e-10,0.08554567271434824,0.10753366912184369,0.1306731735298064,0.13060362129746964,10,0,ccpfm,0.0,0.009016173991963803,0.029635183099394887,0.09226876297788938,0.27238663990718454
star,0.0,2.89201329706245,2.295867628508462,2.1543309564946456,2.2846759256496387,1.9313972019905126,1.7014755152048084,1.7014755152048084,1.6346530362279743,0.08,nan,nan,nan,nan,nan,nan,nan,nan,nan,0.0,0.0,nan,nan,nan,nan,nan,nan,0.0,nan,nan,nan,0.8079924786227082,0.18032465078048304,0.055297056941760736,0.2025560803348363,0.31016659699734295,1.0,2.8525207571311286,0.20568835240823283,2.8525207571311286,2.8525207571311286,338.2340196391275,0.0076896590506087365,nan,111.2,nan,115.6,nan,0.0,nan,nan,nan,nan,nan,1.2833067941642185e-13,5.597744490160039e-14,3.914646384828302e-14,8.379963389870681e-14,4.5929926528742725e-14,4.511946372076636e-14,9.632294961647858e-14,0.05607673498224132,0.31295337360491304,0.43058722354302387,nan,nan,nan,nan,nan,nan,nan,nan,nan,0.0,0.0,nan,nan,nan,nan,nan,nan,0.0,nan,nan,nan,0.8579644608197693,0.11076080787807466,0.049414529262903406,0.12436234182472816,0.18312357460060386,1.0,1.43692337348019,0.1521407890606314,1.43692337348019,1.43692337348019,333.9880021510503,0.007641894903208479,nan,110.0,nan,116.5,nan,0.0,nan,nan,nan,nan,nan,1.212363542890671e-13,5.5067062021407764e-14,3.780309398848658e-14,8.759659664292485e-14,4.518607710224387e-14,4.285460875053104e-14,9.103828801926284e-14,0.15172072872673836,0.05002445580819685,0.18761054433475183,0.2541505079316295,10,1,wls,0.1,0.2483424392428211,4.6269652647543165,0.10516985299513888,1.4002276217917402
star,0.0,2.89201329706245,2.295867628508462,2.1543309564946456,2.2846759256496387,1.9313972019905126,1.7014755152048084,1.7014755152048084,1.6346530362279743,0.1,nan,nan,nan,nan,nan,nan,nan,nan,nan,0.0,0.0,nan,nan,nan,nan,nan,nan,0.0,nan,nan,nan,0.9319179695190508,0.28384943675936086,0.0913343211617316,0.32983953738507243,0.45383460565295186,1.0,3.343545361069508,0.21998473345196828,3.343545361069508,3.343545361069508,213.39986432865075,0.012172702983398832,nan,54.7,nan,89.8,nan,0.0,nan,nan,nan,nan,nan,8.779643678735737e-14,3.4083846855992306e-14,2.44582132324922e-14,6.37934149949615e-14,2.746552985044559e-14,2.0816681711721685e-14,5.991318552389657e-14,0.09188474541019985,0.5032716921515348,0.6349443175627184,nan,nan,nan,nan,nan,nan,nan,nan,nan,0.0,0.0,nan,nan,nan,nan,nan,nan,0.0,nan,nan,nan,0.9351951811827532,0.20736362001792702,0.08821963101284425,0.24068798926420662,0.32342407082094293,1.0,2.153048993416731,0.2177461382966477,2.153048993416731,2.153048993416731,213.78380893111148,0.01223672448478813,nan,55.0,nan,90.0,nan,0.0,nan,nan,nan,nan,nan,8.770761894538737e-14,3.297362383136715e-14,2.3814283878209608e-14,6.350475700855895e-14,2.556288514199423e-14,1.9761969838327786e-14,5.517808432387028e-14,0.28309960099071896,0.08827637471289973,0.36447122794853315,0.4543797675981244,10,1,wls,0.1,0.19247447054467032,2.8883686863627664,0.2255441761164092,2.4806672148368283
star,0.0,2.89201329706245,2.295867628508462,2.1543309564946456,2.2846759256496387,1.9313972019905126,1.7014755152048084,1.7014755152048084,1.6346530362279743,0.12,nan,nan,nan,nan,nan,nan,nan,nan,nan,0.0,0.0,nan,nan,nan,nan,nan,nan,0.0,nan,nan,nan,0.8496107595555031,0.9404373815438752,0.292492130443555,1.126752337229628,1.4074278056896705,1.0,11.713952455385911,0.7236311842679328,11.713952455385911,11.713952455385911,148.74832678582388,0.017852368774798077,nan,28.8,nan,72.3,nan,0.0,nan,nan,nan,nan,nan,5.551115123125783e-14,2.1538326677728037e-14,1.4555023852835802e-14,3.5262071040875754e-14,1.6986412276764895e-14,1.6853185513809878e-14,4.113376306236205e-14,0.2960713995771957,1.688657395487293,1.966962304194594,nan,nan,nan,nan,nan,nan,nan,nan,nan,0.0,0.0,nan,nan,nan,nan,nan,nan,0.0,nan,nan,nan,0.8428759509803276,0.17464409754764357,0.12938853703269193,0.21032454093629435,0.2455779586904426,1.0,1.4948843690028935,0.3119559112611332,1.4948843690028935,1.4948843690028935,148.76762644324359,0.017853516192730193,nan,28.5,nan,73.5,nan,0.0,nan,nan,nan,nan,nan,5.684341886080802e-14,2.1871393585115584e-14,1.2434497875801753e-14,3.269606807521086e-14,1.6653345369377348e-14,1.5987211554602254e-14,3.5860203695392556e-14,0.21609501403032716,0.129116668845027,0.2880548462622452,0.33127801975326043,10,1,wls,0.1,2.288081602105807,30.628237447662265,0.17721047362335438,1.4862059549780973
star,0.0,2.89201329706245,2.295867628508462,2.1543309564946456,2.2846759256496387,1.9313972019905126,1.7014755152048084,1.7014755152048084,1.6346530362279743,0.16,nan,nan,nan,nan,nan,nan,nan,nan,nan,0.0,0.0,nan,nan,nan,nan,nan,nan,0.0,nan,nan,nan,0.9258638257286289,0.4903991818924613,0.36649769387214537,0.6303122053121554,0.682994034808485,1.0,4.389383204268921,0.6846742705183356,4.389383204268921,4.389383204268921,87.23932254590291,0.027870310067957864,nan,7.6,nan,50.0,nan,0.0,nan,nan,nan,nan,nan,3.310615670493178e-14,1.1213252548714081e-14,8.748557434046233e-15,1.8798851364465462e-14,1.0736897482210849e-14,8.171241461241152e-15,2.1713186804106498e-14,0.36603386722401016,0.8729398548540246,0.9267407989368284,nan,nan,nan,nan,nan,nan,nan,nan,nan,0.0,0.0,nan,nan,nan,nan,nan,nan,0.0,nan,nan,nan,0.9288982359884295,0.49825511082729246,0.3497847395070611,0.6442900972023241,0.6820254022641807,1.0,4.496444877120169,0.6916277341948626,4.496444877120169,4.496444877120169,88.1090057724675,0.027747025628551657,nan,8.0,nan,50.0,nan,0.0,nan,nan,nan,nan,nan,3.3525265896727774e-14,1.1102230246251565e-14,8.770761894538737e-15,1.8970935933282362e-14,1.0658141036401503e-14,7.993605777301127e-15,2.1371793224034263e-14,0.6188197805236142,0.34999253613632497,0.8865835938835058,0.9332086388031344,10,0,wls,0.0,0.09182398499493848,1.0811758916448773,0.48260432896780636,4.402048483893128
star,0.0,2.89201329706245,2.295867628508462,2.1543309564946456,2.2846759256496387,1.9313972019905126,1.7014755152048084,1.7014755152048084,1.6346530362279743,0.2,nan,nan,nan,nan,nan,nan,nan,nan,nan,0.0,0.0,nan,nan,nan,nan,nan,nan,0.0,nan,nan,nan,0.9645380997662911,0.9638758981891529,0.689790104378913,1.3465691018200658,1.4012691336356817,1.0,6.491336023437343,0.8459304254829636,6.491336023437343,6.491336023437343,49.09558098644355,0.049064096279897794,nan,2.3,nan,33.7,nan,0.0,nan,nan,nan,nan,nan,1.580957587066223e-14,8.260059303211165e-15,5.240252676230739e-15,9.811595980124821e-15,1.0094095698187645e-14,4.829470157119431e-15,9.56188253575796e-15,0.6918051027498456,1.726448988853564,1.773282242148328,nan,nan,nan,nan,nan,nan,nan,nan,nan,0.0,0.0,nan,nan,nan,nan,nan,nan,0.0,nan,nan,nan,0.9726311063948603,0.9621643332358614,0.6817667857778901,1.3623281621921177,1.4331380282764528,1.0,6.653354792860117,0.7821403720457668,6.653354792860117,6.653354792860117,48.971696490890636,0.049254061872460966,nan,2.5,nan,34.0,nan,0.0,nan,nan,nan,nan,nan,1.5154544286133387e-14,7.438494264988549e-15,4.884981308350689e-15,9.867107131356079e-15,8.26942680998144e-15,4.884981308350689e-15,8.7360674250192e-15,1.1337905665771184,0.6787355474468745,1.7453458276439484,1.8018609114221942,10,0,wls,0.0,0.0914613002171337,1.3408633073076641,0.9584189941216074,6.5073155914380445
