assembly_seconds,boundary_split_factor,constraint_resid_inf,constraint_resid_l2,correction_rel_l2,domain,family_seed,frac_err2_near_boundary_interior,frac_max_error_on_boundary,h_target,l2,l2_core_interior,l2_interior,l2_near_boundary_interior,lambda_ratio_median,linf,linf_core_interior,linf_interior,linf_near_boundary_interior,max_error_dist_boundary,max_error_idx,max_error_is_boundary,max_error_local_cond,max_error_local_sigma_min,max_error_region,max_error_x,max_error_y,max_local_cond,max_local_size,median_dist_boundary,median_local_cond,median_radius,min_local_sigma_min,n_boundary,n_core_interior,n_edges,n_interior,n_interior_eval,n_near_boundary_interior,n_points,negative_lambda_fraction,operator,patch_const_max,patch_quad_max,patch_x2h_max,patch_x_max,patch_xy_max,patch_y2h_max,patch_y_max,rms,rms_core_interior,rms_interior,rms_near_boundary_interior,solve_seconds,status,total_seconds,trial,unstable,unstable_reasons
0.23141594299522694,2.0,0.0,0.0,0.0,annulus,4001,0.5066824872820909,0.0,0.1,0.09275571783908923,0.10750689013692692,0.10639586429188636,0.10534658388368205,1.0,0.44302999711606184,0.44302999711606184,0.44302999711606184,0.3494163092120546,0.2932620036632614,285,False,104.61934230882221,0.023119919853831022,interior_core,0.5210337140727879,-0.37569984009441865,203.97748635839372,23,0.1745976380154976,109.6639896346488,0.04134677340172829,0.013050075850006889,107,76,0,194,194,118,301,0.0,wls,6.750155989720952e-14,2.5757174171303632e-14,2.3092638912203256e-14,4.3520742565306136e-14,3.275157922644212e-14,2.4424906541753444e-14,5.3734794391857577e-14,0.0889372154227979,0.10931601607390884,0.11078116057492522,0.11171463988757724,0.0014007610006956384,ok,0.23281670399592258,1,False,linf_outlier
0.07339196800603531,2.0,0.0,0.0,0.0,annulus,4009,1.0,0.0,0.2,0.8127788744300547,nan,1.1254359392767639,1.1254359392767639,1.0,3.8102446331537925,nan,3.8102446331537925,3.8102446331537925,0.10999999999999999,57,False,39.08275529519558,0.07221967349553281,near_boundary_interior,0.5231288745403727,0.7200251249936511,46.22548206262218,23,0.11000000000000004,34.270348105835126,0.05720000000000003,0.055648122212404366,54,0,0,47,47,47,101,0.0,wls,1.9262369477246466e-14,9.325873406851315e-15,4.440892098500626e-15,1.0658141036401503e-14,1.0658141036401503e-14,6.217248937900877e-15,1.1962653090336062e-14,0.8121679587213225,nan,1.1905773327803684,1.1905773327803684,0.0004694359959103167,ok,0.07386140400194563,9,False,l2_outlier
0.09591417798947077,2.0,0.0,0.0,0.0,ellipse,2001,0.9359311383455361,0.0,0.16,1.3005870088280818,0.5524284535474793,1.53832019572597,2.097981928245358,1.0,10.74838177736791,1.339354877075409,10.74838177736791,10.74838177736791,0.08800000000000001,60,False,64.16689171689548,0.044971472725145525,near_boundary_interior,-0.9818377232591295,-0.5220523778179051,81.87035320348862,23,0.2769576910243007,45.313427661270794,0.06575695391227754,0.0322473810952602,48,27,0,72,72,45,120,0.0,wls,2.2648549702353193e-14,8.881784197001252e-15,9.103828801926284e-15,1.1324274851176597e-14,8.645861804268407e-15,6.8833827526759706e-15,1.3378187446733136e-14,1.7710199310580628,0.55982205741548,2.286376899596428,2.859368895688652,0.0006650660070590675,ok,0.09657924399652984,1,True,linf_large
0.07913773298787419,2.0,0.0,0.0,0.0,ellipse,2006,0.9765120810888412,0.0,0.16,6.650483401778437,1.6520505793593068,7.870150721878397,11.381104039934748,1.0,65.86811259455033,6.064783332452594,65.86811259455033,65.86811259455033,0.08800000000000004,48,False,62.15709521757294,0.047855727991563714,near_boundary_interior,0.9818377232591271,0.5220523778179099,77.88829849569612,23,0.26947653909483393,42.587589038236445,0.06574626142937477,0.03259824429677034,48,28,0,71,71,43,119,0.0,wls,3.352873534367973e-14,1.176836406102666e-14,7.771561172376096e-15,2.4313884239290928e-14,1.0769163338864018e-14,8.881784197001252e-15,2.398081733190338e-14,9.547728272296148,1.6968223513584533,12.360736739193372,15.824118281511772,0.00037910501123405993,ok,0.07951683799910825,6,True,linf_large;l2_outlier;linf_outlier
0.08888078900054097,2.0,0.0,0.0,0.0,ellipse,2007,0.9574834168802182,0.0,0.16,1.4122214503789343,0.47472615775215093,1.6657437876724244,2.3611678564202996,1.0,13.4886524266307,1.530697384875231,13.4886524266307,13.4886524266307,0.08800000000000004,48,False,72.95826826849513,0.03962621842098331,near_boundary_interior,0.9818377232591271,0.5220523778179099,76.7937865041999,23,0.2542698420562843,44.78103974926821,0.06576764639518032,0.03392001061518791,48,29,0,73,73,44,121,0.0,wls,2.842170943040401e-14,9.769962616701378e-15,9.658940314238862e-15,1.709743457922741e-14,1.678865380050354e-14,8.881784197001252e-15,1.9539925233402755e-14,1.9279047819103723,0.4945227074284778,2.4820860609566546,3.1717603732891027,0.0004285339964553714,ok,0.08930932299699634,7,True,linf_large
0.08684204300516285,2.0,0.0,0.0,0.0,ellipse,2000,0.9717544116768759,0.0,0.2,4.553119569520184,1.506421457162107,5.655302154446407,7.1856213128390625,1.0,34.058216052828165,2.3833833025659317,34.058216052828165,34.058216052828165,0.11000000000000004,38,False,40.40063511879841,0.07245988389447305,near_boundary_interior,0.9624128762162308,0.5117240034366201,47.50852044105791,23,0.2868307829991377,29.581886643378358,0.08279826313992898,0.05621434861305516,38,12,0,45,45,33,83,0.0,wls,1.6431300764452317e-14,5.773159728050814e-15,7.549516567451064e-15,1.429412144204889e-14,1.083855227790309e-14,2.886579864025407e-15,9.381384558082573e-15,6.163734970519122,1.5530023925512118,8.370988510994955,9.730245554423046,0.00038539699744433165,ok,0.08722744000260718,0,True,linf_large
0.05187303200364113,2.0,0.0,0.0,0.0,ellipse,2001,0.9710080444599075,0.0,0.2,11.470790209540384,3.688345248054794,14.377216649410622,18.940581598591926,1.0,98.98378162215515,9.357413085819704,98.98378162215515,98.98378162215515,0.11000000000000004,38,False,36.50401822475459,0.08190727307383337,near_boundary_interior,0.9624128762162308,0.5117240034366201,47.68426659295386,23,0.2960080502124649,29.735565137757437,0.08279826313992898,0.056229900937867866,38,14,0,45,45,31,83,0.0,wls,1.9539925233402755e-14,9.769962616701378e-15,1.0436096431476471e-14,2.398081733190338e-14,1.1879386363489175e-14,2.886579864025407e-15,7.993605777301127e-15,15.731080836247717,3.936849485294751,21.36443204901002,25.604164278728984,0.00027959000726696104,ok,0.05215262201090809,1,True,linf_large
0.04552340200461913,2.0,0.0,0.0,0.0,ellipse,2002,0.9654374850173119,0.0,0.2,7.662665498193608,3.017878091098508,9.530106121029377,11.567198735044789,1.0,55.63761722866395,7.433181622246372,55.63761722866395,55.63761722866395,0.11000000000000004,38,False,37.14595172337216,0.0800292173038714,near_boundary_interior,0.9624128762162308,0.5117240034366201,47.775254542673316,23,0.29325795917656855,29.075700903480353,0.08279826313992898,0.05454546034636041,38,11,0,45,45,34,83,0.0,wls,1.5654144647214707e-14,7.993605777301127e-15,6.8833827526759706e-15,1.4876988529977098e-14,6.356026815979021e-15,4.884981308350689e-15,9.547918011776346e-15,10.422020982643604,2.9556727103359526,14.15418059412607,16.196623885881646,0.00029124499997124076,ok,0.04581464700459037,2,True,linf_large
0.04814780200831592,2.0,0.0,0.0,0.0,ellipse,2003,0.9155761561732486,0.0,0.2,3.60753569037291,2.1276290815506913,4.485081626733621,5.429157173523598,1.0,25.40366169484087,4.545472594122707,25.40366169484087,25.40366169484087,0.11000000000000004,38,False,38.863627296320146,0.07530259445906398,near_boundary_interior,0.9624128762162308,0.5117240034366201,48.05858494427085,23,0.277297472107502,30.92955228337849,0.08279826313992898,0.0556445239787273,38,13,0,46,46,33,84,0.0,wls,1.84297022087776e-14,1.1546319456101628e-14,5.773159728050814e-15,2.0039525594484076e-14,1.6459056340067946e-14,7.993605777301127e-15,1.1185496973098452e-14,4.692424786588263,2.155935601427647,6.341004295258146,7.363214617490895,0.00029238300339784473,ok,0.048440185011713766,3,True,linf_large
0.049446197008364834,2.0,0.0,0.0,0.0,ellipse,2004,0.9450548137779207,0.0,0.2,2.711453499541742,1.3864268418156156,3.3730120611408814,3.991755324368908,1.0,15.199485478098628,2.2665540534479685,15.199485478098628,15.199485478098628,0.11000000000000004,38,False,39.48357466575141,0.07216639201983333,near_boundary_interior,0.9624128762162308,0.5117240034366201,48.11842194297686,23,0.28023996008164187,30.3451018237063,0.08279826313992898,0.053718874192023466,38,11,0,46,46,35,84,0.0,wls,1.6431300764452317e-14,6.217248937900877e-15,5.440092820663267e-15,1.021405182655144e-14,5.162537064506978e-15,2.6645352591003757e-15,6.050715484207103e-15,3.569363167338447,1.4164720822655774,4.823379852591184,5.472318293143049,0.00028806799673475325,ok,0.04973426500509959,4,True,linf_large
0.0644256000086898,2.0,0.0,0.0,0.0,ellipse,2005,0.9233461886712793,0.0,0.2,2.533291709141334,1.3590251010690615,3.142623602170056,3.9310344050442305,1.0,15.790428633730935,2.566615475135479,15.790428633730935,15.790428633730935,0.11000000000000004,38,False,40.8710429442279,0.06822868174140236,near_boundary_interior,0.9624128762162308,0.5117240034366201,50.84469471911543,23,0.307824970998139,30.07007265410457,0.08286972514368396,0.0496449336966402,38,15,0,48,48,33,86,0.0,wls,1.3766765505351941e-14,1.1102230246251565e-14,7.105427357601002e-15,1.532107773982716e-14,1.2823075934420558e-14,3.774758283725532e-15,8.715250743307479e-15,3.1883477366376964,1.3456313433932714,4.267703985839835,5.066459570821348,0.0003084049967583269,ok,0.06473400500544813,5,True,linf_large
0.08924405499419663,2.0,0.0,0.0,0.0,ellipse,2006,0.9032181622358082,0.0,0.2,3.124173480478945,1.8894574187262223,3.8769482741091,4.786659647491506,1.0,22.70235798015376,3.2536867893654016,22.70235798015376,22.70235798015376,0.11000000000000004,38,False,41.33021123132832,0.06926857962436937,near_boundary_interior,0.9624128762162308,0.5117240034366201,52.529949210578394,23,0.2919270132743945,30.474884926906228,0.08286972514368396,0.049644381946933595,38,14,0,48,48,34,86,0.0,wls,1.865174681370263e-14,9.325873406851315e-15,7.993605777301127e-15,1.532107773982716e-14,9.936496070395151e-15,1.2434497875801753e-14,1.0658141036401503e-14,4.014939089811271,1.9268673765562319,5.374122577533261,6.26455443358344,0.00027134000265505165,ok,0.08951539499685168,6,True,linf_large
0.05270486499648541,2.0,0.0,0.0,0.0,ellipse,2007,0.9280322892477906,0.0,0.2,30.11637574594149,16.412438267000322,37.40585032945698,45.53799125988228,1.0,238.84951111668607,32.991716023922805,238.84951111668607,238.84951111668607,0.11000000000000004,38,False,36.35323430307491,0.0818694746297577,near_boundary_interior,0.9624128762162308,0.5117240034366201,49.82584823680601,23,0.30892532837660946,30.249710000505182,0.08279826313992898,0.05263497241803175,38,13,0,47,47,34,85,0.0,wls,2.042810365310288e-14,9.325873406851315e-15,8.881784197001252e-15,9.71445146547012e-15,7.993605777301127e-15,3.9968028886505635e-15,8.18789480661053e-15,39.84959540057416,16.527775244611064,53.59008553016013,62.17338089997417,0.00027414799842517823,ok,0.05297901299491059,7,True,linf_large;l2_outlier;linf_outlier
0.07681041400064714,2.0,0.0,0.0,0.0,ellipse,2008,0.9767776618776298,0.0,0.2,49.63134268056573,16.016321576260804,61.670754379429276,75.2705384994107,1.0,419.9056515255488,42.70865059100123,419.9056515255488,419.9056515255488,0.11000000000000004,38,False,38.08783096910484,0.07875036242802354,near_boundary_interior,0.9624128762162308,0.5117240034366201,50.10049675297819,23,0.29995510170500117,29.916533472094127,0.08279826313992898,0.051079397646829276,38,12,0,46,46,34,84,0.0,wls,2.0872192862952943e-14,9.325873406851315e-15,6.217248937900877e-15,1.8207657603852567e-14,6.966649479522857e-15,3.6637359812630166e-15,9.992007221626409e-15,67.92691593520556,16.301536406000512,91.79153322603302,106.32810696432813,0.0003881570009980351,ok,0.07719857100164518,8,True,linf_large;l2_outlier;linf_outlier
0.05863434899947606,2.0,0.0,0.0,0.0,ellipse,2009,0.9694527029596102,0.0,0.2,3.306461476672543,1.2302869688707392,4.136240201880334,5.033166133013118,1.0,22.36674410505865,1.83002205457366,22.36674410505865,22.36674410505865,0.11000000000000004,38,False,41.32508689929373,0.06773781734383856,near_boundary_interior,0.9624128762162308,0.5117240034366201,53.028223845933724,23,0.3044350878392095,29.738519568604744,0.08279826313992898,0.05044456962266015,38,11,0,46,46,35,84,0.0,wls,1.199040866595169e-14,5.329070518200751e-15,3.885780586188048e-15,1.021405182655144e-14,4.65599780952175e-15,5.995204332975845e-15,7.549516567451064e-15,4.337601398745762,1.2300422289582609,5.861521569653671,6.684307790627397,0.0003034859983017668,ok,0.05893783499777783,9,True,linf_large
0.25139882900111843,2.0,0.0,0.0,0.0,star,3001,0.9949043582269509,0.0,0.08,0.9166952267603735,0.09451739223062817,1.0301005109805013,1.6353438168025098,1.0,16.552972565731903,0.49961741738571885,16.552972565731903,16.552972565731903,0.04400000000000007,144,False,260.2403895058247,0.011427967446391055,near_boundary_interior,-0.7565095719141108,0.5803991501298414,328.05396548781806,23,0.15242049129334798,173.139133321246,0.029826002731608615,0.0075508774582295855,119,110,0,227,227,117,346,0.0,wls,1.006972283335017e-13,3.9968028886505635e-14,3.197442310920451e-14,7.904787935331115e-14,4.8405723873656825e-14,2.4646951146678475e-14,6.483702463810914e-14,1.3295383990616503,0.0952074621716945,1.6414437540558546,2.2845028709636743,0.001493964999099262,ok,0.2528927940002177,1,True,linf_large;l2_outlier;linf_outlier
0.21702891599852592,2.0,0.0,0.0,0.0,star,3009,0.99487419055221,0.0,0.1,0.8095166600292516,0.0946288313974639,0.9421156057892741,1.3397902252459752,1.0,11.419962862103656,0.27229180286648313,11.419962862103656,11.419962862103656,0.05499999999999997,124,False,169.6521361185044,0.017014456416603003,near_boundary_interior,-0.7831409257838239,-0.5107232906777002,219.40544980440387,23,0.16448919376671303,114.87104632810954,0.03726084492074218,0.012562973607812474,95,57,0,145,145,88,240,0.0,wls,8.881784197001252e-14,2.708944180085382e-14,3.064215547965432e-14,7.815970093361102e-14,3.5638159090467525e-14,1.7763568394002505e-14,5.5788706987414116e-14,1.140143006637465,0.09548993982501353,1.4668339307084126,1.881315163201218,0.0008000660018296912,ok,0.2178289820003556,9,True,linf_large;l2_outlier;linf_outlier
0.12790969300840516,2.0,0.0,0.0,0.0,star,3001,0.9870765607502967,0.0,0.12,7.804133920637344,1.7196528388916974,9.343741711694603,11.804289601207664,1.0,103.58609487831382,4.32100927414959,103.58609487831382,103.58609487831382,0.06600000000000006,80,False,86.15162436313457,0.03619410792552305,near_boundary_interior,0.9339999999999999,-8.095834594526952e-16,145.87507849262516,23,0.1778730190655341,88.44096361900924,0.04389082705004873,0.017954636036386896,80,27,0,100,100,73,180,0.0,wls,5.728750807065808e-14,1.7763568394002505e-14,1.176836406102666e-14,3.1530333899354446e-14,1.6542323066914832e-14,1.4432899320127035e-14,2.942091015256665e-14,10.631723877585888,1.7484056835032282,14.263954384973818,16.660799107584687,0.0006829069898230955,ok,0.12859259999822825,1,True,linf_large;l2_outlier;linf_outlier
